Date,CDC,CDL,CSB,DES,DGRO,DGRS,DGRW,DHS,DIV,DJD,DLN,DON,DTD,DURA,DVY,ESGS,FDL,FDRR,FDVV,FVD,HDV,JDIV,KBWD,LEAD,LVHD,NOBL,ONEY,PEY,QDEF,QDF,QDIV,QDYN,RDIV,RDVY,REGL,RNDV,RNLC,RNMC,RNSC,SDOG,SDVY,SDY,SMDV,SPDV,SPHD,SPYD,TDIV,VSDA,WBIY,XSHD
31/12/2002,0,0,0,0,0,0,0,0,0,0,0,0,0,0,0,0,0,0,0,0,0,0,0,0,0,0,0,0,0,0,0,0,0,0,0,0,0,0,0,0,0,0,0,0,0,0,0,0,0,0
31/01/2003,0,0,0,0,0,0,0,0,0,0,0,0,0,0,0,0,0,0,0,0,0,0,0,0,0,0,0,0,0,0,0,0,0,0,0,0,0,0,0,0,0,0,0,0,0,0,0,0,0,0
28/02/2003,0,0,0,0,0,0,0,0,0,0,0,0,0,0,0,0,0,0,0,0,0,0,0,0,0,0,0,0,0,0,0,0,0,0,0,0,0,0,0,0,0,0,0,0,0,0,0,0,0,0
31/03/2003,0,0,0,0,0,0,0,0,0,0,0,0,0,0,0,0,0,0,0,0,0,0,0,0,0,0,0,0,0,0,0,0,0,0,0,0,0,0,0,0,0,0,0,0,0,0,0,0,0,0
30/04/2003,0,0,0,0,0,0,0,0,0,0,0,0,0,0,0,0,0,0,0,0,0,0,0,0,0,0,0,0,0,0,0,0,0,0,0,0,0,0,0,0,0,0,0,0,0,0,0,0,0,0
30/05/2003,0,0,0,0,0,0,0,0,0,0,0,0,0,0,0,0,0,0,0,0,0,0,0,0,0,0,0,0,0,0,0,0,0,0,0,0,0,0,0,0,0,0,0,0,0,0,0,0,0,0
30/06/2003,0,0,0,0,0,0,0,0,0,0,0,0,0,0,0,0,0,0,0,0,0,0,0,0,0,0,0,0,0,0,0,0,0,0,0,0,0,0,0,0,0,0,0,0,0,0,0,0,0,0
31/07/2003,0,0,0,0,0,0,0,0,0,0,0,0,0,0,0,0,0,0,0,0,0,0,0,0,0,0,0,0,0,0,0,0,0,0,0,0,0,0,0,0,0,0,0,0,0,0,0,0,0,0
29/08/2003,0,0,0,0,0,0,0,0,0,0,0,0,0,0,0,0,0,0,0,7.04252243,0,0,0,0,0,0,0,0,0,0,0,0,0,0,0,0,0,0,0,0,0,0,0,0,0,0,0,0,0,0
30/09/2003,0,0,0,0,0,0,0,0,0,0,0,0,0,0,0,0,0,0,0,6.573022366,0,0,0,0,0,0,0,0,0,0,0,0,0,0,0,0,0,0,0,0,0,0,0,0,0,0,0,0,0,0
31/10/2003,0,0,0,0,0,0,0,0,0,0,0,0,0,0,0,0,0,0,0,6.615279198,0,0,0,0,0,0,0,0,0,0,0,0,0,0,0,0,0,0,0,0,0,0,0,0,0,0,0,0,0,0
28/11/2003,0,0,0,0,0,0,0,0,0,0,0,0,0,0,27.34881592,0,0,0,0,6.723263741,0,0,0,0,0,0,0,0,0,0,0,0,0,0,0,0,0,0,0,0,0,0,0,0,0,0,0,0,0,0
31/12/2003,0,0,0,0,0,0,0,0,0,0,0,0,0,0,28.8567524,0,0,0,0,6.879751205,0,0,0,0,0,0,0,0,0,0,0,0,0,0,0,0,0,0,0,0,0,0,0,0,0,0,0,0,0,0
30/01/2004,0,0,0,0,0,0,0,0,0,0,0,0,0,0,29.33376884,0,0,0,0,6.946545601,0,0,0,0,0,0,0,0,0,0,0,0,0,0,0,0,0,0,0,0,0,0,0,0,0,0,0,0,0,0
27/02/2004,0,0,0,0,0,0,0,0,0,0,0,0,0,0,30.3253231,0,0,0,0,6.975170612,0,0,0,0,0,0,0,0,0,0,0,0,0,0,0,0,0,0,0,0,0,0,0,0,0,0,0,0,0,0
31/03/2004,0,0,0,0,0,0,0,0,0,0,0,0,0,0,29.88773155,0,0,0,0,6.919982433,0,0,0,0,0,0,0,0,0,0,0,0,0,0,0,0,0,0,0,0,0,0,0,0,0,0,0,0,0,0
30/04/2004,0,0,0,0,0,0,0,0,0,0,0,0,0,0,29.05525398,0,0,0,0,6.540872574,0,0,0,0,0,0,0,0,0,0,0,0,0,0,0,0,0,0,0,0,0,0,0,0,0,0,0,0,0,0
31/05/2004,0,0,0,0,0,0,0,0,0,0,0,0,0,0,29.62826347,0,0,0,0,6.603257179,0,0,0,0,0,0,0,0,0,0,0,0,0,0,0,0,0,0,0,0,0,0,0,0,0,0,0,0,0,0
30/06/2004,0,0,0,0,0,0,0,0,0,0,0,0,0,0,30.35134888,0,0,0,0,6.78681469,0,0,0,0,0,0,0,0,0,0,0,0,0,0,0,0,0,0,0,0,0,0,0,0,0,0,0,0,0,0
30/07/2004,0,0,0,0,0,0,0,0,0,0,0,0,0,0,30.04045677,0,0,0,0,6.75300169,0,0,0,0,0,0,0,0,0,0,0,0,0,0,0,0,0,0,0,0,0,0,0,0,0,0,0,0,0,0
31/08/2004,0,0,0,0,0,0,0,0,0,0,0,0,0,0,31.00581551,0,0,0,0,6.917236328,0,0,0,0,0,0,0,0,0,0,0,0,0,0,0,0,0,0,0,0,0,0,0,0,0,0,0,0,0,0
30/09/2004,0,0,0,0,0,0,0,0,0,0,0,0,0,0,31.5627327,0,0,0,0,6.991630077,0,0,0,0,0,0,0,0,0,0,0,0,0,0,0,0,0,0,0,0,0,0,0,0,0,0,0,0,0,0
29/10/2004,0,0,0,0,0,0,0,0,0,0,0,0,0,0,32.06863403,0,0,0,0,7.166658878,0,0,0,0,0,0,0,0,0,0,0,0,0,0,0,0,0,0,0,0,0,0,0,0,0,0,0,0,0,0
30/11/2004,0,0,0,0,0,0,0,0,0,0,0,0,0,0,33.5587883,0,0,0,0,7.429212093,0,0,0,0,0,0,0,0,0,0,0,0,0,0,0,0,0,0,0,0,0,0,0,0,0,0,0,0,0,0
31/12/2004,0,0,0,0,0,0,0,0,0,0,0,0,0,0,34.03272629,0,0,0,0,8.031716347,0,0,0,0,0,0,0,7.682510853,0,0,0,0,0,0,0,0,0,0,0,0,0,0,0,0,0,0,0,0,0,0
31/01/2005,0,0,0,0,0,0,0,0,0,0,0,0,0,0,33.00176239,0,0,0,0,7.469913006,0,0,0,0,0,0,0,7.441021442,0,0,0,0,0,0,0,0,0,0,0,0,0,0,0,0,0,0,0,0,0,0
28/02/2005,0,0,0,0,0,0,0,0,0,0,0,0,0,0,33.83871841,0,0,0,0,7.631165028,0,0,0,0,0,0,0,7.456112385,0,0,0,0,0,0,0,0,0,0,0,0,0,0,0,0,0,0,0,0,0,0
31/03/2005,0,0,0,0,0,0,0,0,0,0,0,0,0,0,33.48709869,0,0,0,0,7.502332687,0,0,0,0,0,0,0,7.422201633,0,0,0,0,0,0,0,0,0,0,0,0,0,0,0,0,0,0,0,0,0,0
29/04/2005,0,0,0,0,0,0,0,0,0,0,0,0,0,0,33.26365662,0,0,0,0,7.486626148,0,0,0,0,0,0,0,7.3644557,0,0,0,0,0,0,0,0,0,0,0,0,0,0,0,0,0,0,0,0,0,0
31/05/2005,0,0,0,0,0,0,0,0,0,0,0,0,0,0,34.24117661,0,0,0,0,7.664630413,0,0,0,0,0,0,0,7.614872932,0,0,0,0,0,0,0,0,0,0,0,0,0,0,0,0,0,0,0,0,0,0
30/06/2005,0,0,0,0,0,0,0,0,0,0,0,0,0,0,34.73609543,0,0,0,0,7.743700504,0,0,0,0,0,0,0,7.736328602,0,0,0,0,0,0,0,0,0,0,0,0,0,0,0,0,0,0,0,0,0,0
29/07/2005,0,0,0,0,0,0,0,0,0,0,0,0,0,0,35.99657822,0,0,0,0,7.980913639,0,0,0,0,0,0,0,8.014642715,0,0,0,0,0,0,0,0,0,0,0,0,0,0,0,0,0,0,0,0,0,0
31/08/2005,0,0,0,0,0,0,0,0,0,0,0,0,0,0,35.40572739,0,0,0,0,7.870213509,0,0,0,0,0,0,0,7.880638123,0,0,0,0,0,0,0,0,0,0,0,0,0,0,0,0,0,0,0,0,0,0
30/09/2005,0,0,0,0,0,0,0,0,0,0,0,0,0,0,35.30960083,0,0,0,0,7.903655529,0,0,0,0,0,0,0,7.831422806,0,0,0,0,0,0,0,0,0,0,0,0,0,0,0,0,0,0,0,0,0,0
31/10/2005,0,0,0,0,0,0,0,0,0,0,0,0,0,0,34.72564697,0,0,0,0,7.829344273,0,0,0,0,0,0,0,7.717170238,0,0,0,0,0,0,0,0,0,0,0,0,0,0,0,0,0,0,0,0,0,0
30/11/2005,0,0,0,0,0,0,0,0,0,0,0,0,0,0,35.20755005,0,0,0,0,8.078822136,0,0,0,0,0,0,0,7.862582684,0,0,0,0,0,0,0,0,0,0,0,0,0,29.97488022,0,0,0,0,0,0,0,0
30/12/2005,0,0,0,0,0,0,0,0,0,0,0,0,0,0,34.99105072,0,0,0,0,8.341176987,0,0,0,0,0,0,0,7.811175823,0,0,0,0,0,0,0,0,0,0,0,0,0,29.97790337,0,0,0,0,0,0,0,0
31/01/2006,0,0,0,0,0,0,0,0,0,0,0,0,0,0,35.59650803,0,0,0,0,8.635222435,0,0,0,0,0,0,0,7.968135357,0,0,0,0,0,0,0,0,0,0,0,0,0,30.64777184,0,0,0,0,0,0,0,0
28/02/2006,0,0,0,0,0,0,0,0,0,0,0,0,0,0,36.17911148,0,0,0,0,8.725233078,0,0,0,0,0,0,0,7.884420395,0,0,0,0,0,0,0,0,0,0,0,0,0,30.85815239,0,0,0,0,0,0,0,0
31/03/2006,0,0,0,0,0,0,0,0,0,0,0,0,0,0,36.13434601,0,11.19108677,0,0,8.808666229,0,0,0,0,0,0,0,7.988572598,0,0,0,0,0,0,0,0,0,0,0,0,0,31.04197502,0,0,0,0,0,0,0,0
28/04/2006,0,0,0,0,0,0,0,0,0,0,0,0,0,0,36.88354111,0,11.55030537,0,0,8.760298729,0,0,0,0,0,0,0,8.015163422,0,0,0,0,0,0,0,0,0,0,0,0,0,31.65480232,0,0,0,0,0,0,0,0
31/05/2006,0,0,0,0,0,0,0,0,0,0,0,0,0,0,36.37063217,0,11.29056358,0,0,8.62124157,0,0,0,0,0,0,0,7.802388191,0,0,0,0,0,0,0,0,0,0,0,0,0,31.0976944,0,0,0,0,0,0,0,0
30/06/2006,0,0,0,10.36638832,0,0,0,29.05321693,0,0,11.17950249,11.02881527,10.89221478,0,36.67259216,0,11.5634222,0,0,9.180481911,0,0,0,0,0,0,0,7.864126205,0,0,0,0,0,0,0,0,0,0,0,0,0,31.3101635,0,0,0,0,0,0,0,0
31/07/2006,0,0,0,10.37038898,0,0,0,30.15968323,0,0,11.45180511,11.04602909,11.10200882,0,37.88804626,0,12.00988483,0,0,9.91457653,0,0,0,0,0,0,0,8.232145309,0,0,0,0,0,0,0,0,0,0,0,0,0,32.14061356,0,0,0,0,0,0,0,0
31/08/2006,0,0,0,10.59243679,0,0,0,30.80416107,0,0,11.69142532,11.32142353,11.33086872,0,38.31838226,0,12.30009174,0,0,10.25836945,0,0,0,0,0,0,0,8.310890198,0,0,0,0,0,0,0,0,0,0,0,0,0,32.85883713,0,0,0,0,0,0,0,0
29/09/2006,0,0,0,10.77248192,0,0,0,31.37451553,0,0,11.95065022,11.51075172,11.57033634,0,38.96230698,0,12.57928181,0,0,10.46772861,0,0,0,0,0,0,0,8.378409386,0,0,0,0,0,0,0,0,0,0,0,0,0,33.29156876,0,0,0,0,0,0,0,0
31/10/2006,0,0,0,11.32316685,0,0,0,32.19661331,0,0,12.34091377,11.98323441,11.95449448,0,40.26437378,0,12.855196,0,0,10.84005928,0,0,0,0,0,0,0,8.619591713,0,0,0,0,0,0,0,0,0,0,0,0,0,34.30895615,0,0,0,0,0,0,0,0
30/11/2006,0,0,0,11.57931614,0,0,0,32.52912903,0,0,12.49459648,12.31194496,12.13611031,0,40.92128372,0,12.95654774,0,0,11.20177174,0,0,0,0,0,0,0,8.817866325,0,0,0,0,0,0,0,0,0,0,0,0,0,34.5859108,0,0,0,0,0,0,0,0
29/12/2006,0,0,0,11.69251823,0,0,0,33.33662033,0,0,12.85612679,12.3934145,12.47153664,0,41.79338837,0,13.35671902,0,0,11.4731741,0,0,0,0,0,0,0,8.979139328,0,0,0,0,0,0,0,0,0,0,0,0,0,35.29203033,0,0,0,0,0,0,0,0
31/01/2007,0,0,0,11.8718996,0,0,0,33.89675522,0,0,13.0426693,12.77716827,12.69451332,0,42.20700836,0,13.5157299,0,0,11.59661579,0,0,0,0,0,0,0,8.836844444,0,0,0,0,0,0,0,0,0,0,0,0,0,35.57734299,0,0,0,0,0,0,0,0
28/02/2007,0,0,0,11.66601467,0,0,0,33.31928253,0,0,12.79839039,12.70738983,12.46721554,0,41.94701385,0,13.22610283,0,0,11.59661579,0,0,0,0,0,0,0,8.742788315,0,0,0,0,0,0,0,0,0,0,0,0,0,35.68574905,0,0,0,0,0,0,0,0
30/03/2007,0,0,0,11.71714592,0,0,0,33.69368744,0,0,12.99113655,12.7028513,12.64323807,0,42.54819107,0,13.49778652,0,0,11.67147636,0,0,0,0,0,0,0,8.743408203,0,0,0,0,0,0,0,0,0,0,0,0,0,35.76088333,0,0,0,0,0,0,0,0
30/04/2007,0,0,0,11.737607,0,0,0,34.78696442,0,0,13.53318501,13.04695034,13.13978672,0,43.72727966,0,13.8471117,0,0,11.96136284,0,0,0,0,0,0,0,8.754489899,0,0,0,0,0,0,0,0,0,0,0,0,0,36.79984665,0,0,0,0,0,0,0,0
31/05/2007,0,0,0,12.06705856,0,0,0,35.70577621,0,0,13.93411255,13.39323235,13.54664707,0,44.59073639,0,14.22507572,0,0,12.22364235,0,0,0,0,0,0,0,8.820724487,0,0,0,0,0,0,0,0,0,0,0,0,0,37.60347366,0,0,0,0,0,0,0,0
29/06/2007,0,0,0,11.81902504,0,0,0,34.59334183,0,0,13.69232273,12.88974285,13.30920696,0,43.15578079,0,13.69716358,0,0,11.77421284,0,0,0,0,0,0,0,8.575829506,0,0,0,0,0,0,0,0,0,0,0,0,0,36.15251923,0,0,0,0,0,0,0,0
31/07/2007,0,0,0,10.82221508,0,0,0,33.11629486,0,0,13.24142075,12.06840324,12.8348217,0,40.64049911,0,12.9233799,0,0,11.22544193,0,0,0,0,0,0,0,7.876832962,0,0,0,0,0,0,0,0,0,0,0,0,0,34.33072281,0,0,0,0,0,0,0,0
31/08/2007,0,0,0,11.28339958,0,0,0,33.93100357,0,0,13.50878716,12.30686188,13.07644653,0,41.47491455,0,13.34492016,0,0,11.48940182,0,0,0,0,0,0,0,8.375607491,0,0,0,0,0,0,0,0,0,0,0,0,0,35.30235672,0,0,0,0,0,0,0,0
28/09/2007,0,0,0,11.253232,0,0,0,34.88367844,0,0,14.05231476,12.53491592,13.54478264,0,41.95920944,0,13.42451,0,0,11.68365479,0,0,0,0,0,0,0,8.31524086,0,0,0,0,0,0,0,0,0,0,0,0,0,35.10096741,0,0,0,0,0,0,0,0
31/10/2007,0,0,0,11.2594738,0,0,0,34.8540802,0,0,14.17175293,12.53935528,13.6525631,0,41.98946762,0,13.2204895,0,0,11.72563076,0,0,0,0,0,0,0,8.151327133,0,0,0,0,0,0,0,0,0,0,0,0,0,34.80339432,0,0,0,0,0,0,0,0
30/11/2007,0,0,0,10.48885059,0,0,0,32.94897461,0,0,13.63199329,11.97503376,13.09119701,0,40.8148613,0,12.52681541,0,0,11.36182976,0,0,0,0,0,0,0,7.824052811,0,0,0,0,0,0,0,0,0,0,0,0,0,33.77068329,0,0,0,0,0,0,0,0
31/12/2007,0,0,0,10.23641968,0,0,0,31.81587982,0,0,13.5178833,11.66612911,12.95871353,0,39.41591644,0,11.89230728,0,0,10.97301006,0,0,0,0,0,0,0,7.601006985,0,0,0,0,0,0,0,0,0,0,0,0,0,32.92881393,0,0,0,0,0,0,0,0
31/01/2008,0,0,0,10.25751305,0,0,0,32.09128952,0,0,13.12470722,11.52708817,12.57280254,0,39.48927689,0,12.09897423,0,0,10.74734402,0,0,0,0,0,0,0,7.900493145,0,0,0,0,0,0,0,0,0,0,0,0,0,32.97665787,0,0,0,0,0,0,0,0
29/02/2008,0,0,0,9.692217827,0,0,0,29.3850956,0,0,12.460042,10.91036797,11.96768475,0,36.17660904,0,10.94753456,0,0,10.31011486,0,0,0,0,0,0,0,6.988450527,0,0,0,0,0,0,0,0,0,0,0,0,0,30.77581978,0,0,0,0,0,0,0,0
31/03/2008,0,0,0,9.8648386,0,0,0,28.97413445,0,0,12.47515774,10.86237907,12.01300716,0,35.76704025,0,10.68145275,0,0,10.36202908,0,0,0,0,0,0,0,6.890848637,0,0,0,0,0,0,0,0,0,0,0,0,0,31.11235619,0,0,0,0,0,0,0,0
30/04/2008,0,0,0,10.04183674,0,0,0,29.99098015,0,0,12.94440365,11.44922733,12.45174789,0,36.69412231,0,10.91430759,0,0,10.84497833,0,0,0,0,0,0,0,6.596998692,0,0,0,0,0,0,0,0,0,0,0,0,0,31.99385262,0,0,0,0,0,0,0,0
30/05/2008,0,0,0,10.11433601,0,0,0,29.07097626,0,0,12.75243855,11.74152565,12.36585331,0,36.0018959,0,10.49039078,0,0,11.04383564,0,0,0,0,0,0,0,6.258933544,0,0,0,0,0,0,0,0,0,0,0,0,0,31.99385262,0,0,0,0,0,0,0,0
30/06/2008,0,0,0,8.86447525,0,0,0,24.42706871,0,0,11.44926548,10.47837067,11.10031128,0,30.81386757,0,8.833844185,0,0,10.01553249,0,0,0,0,0,0,0,5.126038074,0,0,0,0,0,0,0,0,0,0,0,0,0,27.1842823,0,0,0,0,0,0,0,0
31/07/2008,0,0,0,9.337389946,0,0,0,25.91884804,0,0,11.66833305,10.62018871,11.31514359,0,32.10272217,0,9.470026016,0,0,10.23030186,0,0,0,0,0,0,0,5.666341305,0,0,0,0,0,0,0,0,0,0,0,0,0,28.65750504,0,0,0,0,0,0,0,0
29/08/2008,0,0,0,9.685058594,0,0,0,26.30560875,0,0,11.83444118,10.98387051,11.55357838,0,33.31026077,0,9.712379456,0,0,10.47370815,0,0,0,0,0,0,0,5.917647362,0,0,0,0,0,0,0,0,0,0,0,0,0,29.70893097,0,0,0,0,0,0,0,0
30/09/2008,0,0,0,9.808666229,0,0,0,26.12312698,0,0,11.25058937,10.44828129,11.01843262,0,33.64308548,0,9.767246246,0,0,10.04815388,0,0,0,0,0,0,0,6.53826952,0,0,0,0,0,0,0,0,0,0,0,0,0,30.88131714,0,0,0,0,0,0,0,0
31/10/2008,0,0,0,7.77200222,0,0,0,21.61507988,0,0,9.550395966,8.092865944,9.175627708,0,29.78841972,0,8.701061249,0,0,8.649773598,0,0,0,0,0,0,0,5.530062675,0,0,0,0,0,0,0,0,0,0,0,0,0,27.31760216,0,0,0,0,0,0,0,0
28/11/2008,0,0,0,7.018329144,0,0,0,19.00710487,0,0,8.892345428,7.317722321,8.479777336,0,27.13437462,0,8.033162117,0,0,8.274951935,0,0,0,0,0,0,0,4.769959927,0,0,0,0,0,0,0,0,0,0,0,0,0,25.56354332,0,0,0,0,0,0,0,0
31/12/2008,0,0,0,7.34663105,0,0,0,19.42183495,0,0,9.052931786,7.894779205,8.756502151,0,26.45663452,0,8.196461678,0,0,8.455314636,0,0,0,0,0,0,0,4.700059414,0,0,0,0,0,0,0,0,0,0,0,0,0,25.41318512,0,0,0,0,0,0,0,0
30/01/2009,0,0,0,6.131053448,0,0,0,15.74828911,0,0,7.864639759,6.882447243,7.622667789,0,22.31097603,0,6.437857628,0,0,7.682672977,0,0,0,0,0,0,0,3.626135349,0,0,0,0,0,0,0,0,0,0,0,0,0,22.01556396,0,0,0,0,0,0,0,0
27/02/2009,0,0,0,5.017320633,0,0,0,13.1856451,0,0,6.87564373,5.863085747,6.648362637,0,18.9918766,0,5.449808598,0,0,6.676781178,0,0,0,0,0,0,0,2.920486689,0,0,0,0,0,0,0,0,0,0,0,0,0,19.08183289,0,0,0,0,0,0,0,0
31/03/2009,0,0,0,5.390441895,0,0,0,14.71096897,0,0,7.60013628,6.357262135,7.341094017,0,20.33998871,0,6.088005066,0,0,7.272492409,0,0,0,0,0,0,0,3.229897022,0,0,0,0,0,0,0,0,0,0,0,0,0,21.39744186,0,0,0,0,0,0,0,0
30/04/2009,0,0,0,6.711654663,0,0,0,16.80246544,0,0,8.29638958,7.482756138,8.157052994,0,22.67866325,0,6.939695835,0,0,7.927601814,0,0,0,0,0,0,0,3.770604134,0,0,0,0,0,0,0,0,0,0,0,0,0,24.30719185,0,0,0,0,0,0,0,0
29/05/2009,0,0,0,6.797038078,0,0,0,18.02143097,0,0,8.809017181,7.703113079,8.490962982,0,23.26332664,0,7.50748682,0,0,8.170509338,0,0,0,0,0,0,0,3.858130217,0,0,0,0,0,0,0,0,0,0,0,0,0,24.45967484,0,0,0,0,0,0,0,0
30/06/2009,0,0,0,6.854180813,0,0,0,17.86625671,0,0,8.894838333,7.570374012,8.631752968,0,23.23646545,0,7.680513382,0,0,8.322920799,0,0,0,0,0,0,0,3.754463196,0,0,0,0,0,0,0,0,0,0,0,0,0,24.38615227,0,0,0,0,0,0,0,0
31/07/2009,0,0,0,7.654134274,0,0,0,19.6722908,0,0,9.570102692,8.464384079,9.330046654,0,25.483881,0,8.246850014,0,0,8.939704895,0,0,0,0,0,0,0,4.292111874,0,0,0,0,0,0,0,0,0,0,0,0,0,26.75667191,0,0,0,0,0,0,0,0
31/08/2009,0,0,0,8.099568367,0,0,0,21.0640583,0,0,9.973705292,9.152812004,9.765833855,0,26.32502365,0,8.361388206,0,0,9.147782326,0,0,0,0,0,0,0,4.519276619,0,0,0,0,0,0,0,0,0,0,0,0,0,27.76525497,0,0,0,0,0,0,0,0
30/09/2009,0,0,0,8.658725739,0,0,0,21.91138077,0,0,10.32149601,9.704960823,10.18281269,0,27.3776989,0,8.497444153,0,0,9.376133919,0,0,0,0,0,0,0,4.763104916,0,0,0,0,0,0,0,0,0,0,0,0,0,28.60111809,0,0,0,0,0,0,0,0
30/10/2009,0,0,0,8.115691185,0,0,0,20.97912788,0,0,10.13545322,9.262296677,9.950499535,0,26.99957657,0,8.375131607,0,0,9.331236839,0,0,0,0,0,0,0,4.565056801,0,0,0,0,0,0,0,0,0,0,0,0,0,28.21199608,0,0,0,0,0,0,0,0
30/11/2009,0,0,0,8.381480217,0,0,0,22.42640305,0,0,10.80101585,9.733828545,10.56998634,0,28.44574738,0,8.954507828,0,0,9.787693024,0,0,0,0,0,0,0,4.690280914,0,0,0,0,0,0,0,0,0,0,0,0,0,29.54151154,0,0,0,0,0,0,0,0
31/12/2009,0,0,0,8.984256744,0,0,0,22.751791,0,0,10.98432827,10.42076111,10.83041096,0,29.4135952,0,9.297492981,0,0,10.08139801,0,0,0,0,0,0,0,4.866083622,0,0,0,0,0,0,0,0,0,0,0,0,0,30.28621864,0,0,0,0,0,0,0,0
29/01/2010,0,0,0,8.789748192,0,0,0,21.95544815,0,0,10.6197834,10.08366585,10.48966312,0,28.60304642,0,8.978235245,0,0,9.802615166,0,0,0,0,0,0,0,4.806831837,0,0,0,0,0,0,0,0,0,0,0,0,0,29.55281067,0,0,0,0,0,0,0,0
26/02/2010,0,0,0,9.174125671,0,0,0,22.22528839,0,0,10.83798218,10.52503777,10.7229414,0,29.47387505,0,9.023844719,0,0,10.05879498,0,0,0,0,0,0,0,4.921666622,0,0,0,0,0,0,0,0,0,0,0,0,0,30.73806,0,0,0,0,0,0,0,0
31/03/2010,0,0,0,9.959801674,0,0,0,23.34505272,0,0,11.4869957,11.30165958,11.40652847,0,31.10845566,0,9.497247696,0,0,10.6301527,0,0,0,0,0,0,0,5.259662151,0,0,0,0,0,0,0,0,0,0,0,0,0,32.53910828,0,0,0,0,0,0,0,0
30/04/2010,0,0,0,10.5555706,0,0,0,23.80397224,0,0,11.6271534,11.73164749,11.6298151,0,32.09539032,0,9.516978264,0,0,10.79695797,0,0,0,0,0,0,0,5.449923038,0,0,0,0,0,0,0,0,0,0,0,0,0,33.21881104,0,0,0,0,0,0,0,0
31/05/2010,0,0,0,9.821965218,0,0,0,22.31414032,0,0,10.77276993,10.94742107,10.77120209,0,29.871418,0,8.977659225,0,0,10.07665443,0,0,0,0,0,0,0,5.176248074,0,0,0,0,0,0,0,0,0,0,0,0,0,30.96198654,0,0,0,0,0,0,0,0
30/06/2010,0,0,0,9.232909203,0,0,0,21.97368622,0,0,10.47880173,10.35616779,10.43180943,0,28.95814323,0,8.89041996,0,0,9.787009239,0,0,0,0,0,0,0,4.985523224,0,0,0,0,0,0,0,0,0,0,0,0,0,30.04935455,0,0,0,0,0,0,0,0
30/07/2010,0,0,0,9.88145256,0,0,0,23.66552162,0,0,11.23805428,11.14598656,11.19952774,0,31.0670433,0,9.582490921,0,0,10.45933914,0,0,0,0,0,0,0,5.302508831,0,0,0,0,0,0,0,0,0,0,0,0,0,32.2794342,0,0,0,0,0,0,0,0
31/08/2010,0,0,0,9.249419212,0,0,0,23.69921684,0,0,10.94751263,10.69817638,10.91298771,0,30.10471916,0,9.575836182,0,0,10.19957447,0,0,0,0,0,0,0,5.085912704,0,0,0,0,0,0,0,0,0,0,0,0,0,30.90143204,0,0,0,0,0,0,0,0
30/09/2010,0,0,0,10.08703613,0,0,0,25.23801041,0,0,11.84394932,11.59255314,11.80657482,0,32.25894547,0,10.19126701,0,0,10.93936729,0,0,0,0,0,0,0,5.47723484,0,0,0,0,0,0,0,0,0,0,0,0,0,33.7077713,0,0,0,0,0,0,0,0
29/10/2010,0,0,0,10.49166107,0,0,0,25.85473824,0,0,12.22699928,11.96163368,12.18770218,0,33.11293411,0,10.34567928,0,0,11.23917961,0,0,0,0,0,0,0,5.588001728,0,0,0,0,0,0,0,0,0,0,0,0,0,34.29889297,0,0,0,0,0,0,0,0
30/11/2010,0,0,0,10.68444633,0,0,0,25.36678314,0,0,12.14095306,11.98144722,12.1301136,0,32.89255905,0,10.11741447,0,0,11.11618137,0,0,0,0,0,0,0,5.593087673,0,0,0,0,0,0,0,0,0,0,0,0,0,34.02348709,0,0,0,0,0,0,0,0
31/12/2010,0,0,0,11.41341782,0,0,0,26.76309586,0,0,13.00492668,12.67618847,12.9984293,0,34.63956451,0,10.79694653,0,0,11.69719887,0,0,9.498156548,0,0,0,0,5.88252449,0,0,0,0,0,0,0,0,0,0,0,0,0,35.25363922,0,0,0,0,0,0,0,0
31/01/2011,0,0,0,11.27860641,0,0,0,26.70808411,0,0,13.15163136,12.94121647,13.15188313,0,34.72293091,0,10.7630806,0,0,11.83673,0,0,9.495162964,0,0,0,0,5.754686832,0,0,0,0,0,0,0,0,0,0,0,0,0,35.38249588,0,0,0,0,0,0,0,0
28/02/2011,0,0,0,11.65415478,0,0,0,27.70542526,0,0,13.62274265,13.42875862,13.60386658,0,35.69556046,0,11.13562202,0,0,12.24756336,0,0,9.812687874,0,0,0,0,5.926060677,0,0,0,0,0,0,0,0,0,0,0,0,0,36.61685562,0,0,0,0,0,0,0,0
31/03/2011,0,0,0,11.78787994,0,0,0,28.12852097,0,0,13.80524731,13.58772278,13.85399437,0,36.54783249,0,11.38254547,0,0,12.38143253,35.4667778,0,9.702713966,0,0,0,0,5.958689213,0,0,0,0,0,0,0,0,0,0,0,0,0,36.99227142,0,0,0,0,0,0,0,0
29/04/2011,0,0,0,12.0034399,0,0,0,29.26558113,0,0,14.3366518,14.09562778,14.30336571,0,37.6205101,0,11.75171566,0,0,12.81806278,37.09004211,0,9.922333717,0,0,0,0,6.098026276,0,0,0,0,0,0,0,0,0,0,0,0,0,37.88036728,0,0,0,0,0,0,0,0
31/05/2011,0,0,0,11.83874798,0,0,0,29.55678368,0,0,14.28808594,14.09310722,14.28641701,0,37.93599701,0,11.79273033,0,0,12.84924603,37.39089584,0,9.848347664,0,0,0,0,6.076403618,0,0,0,0,0,0,0,0,0,0,0,0,0,37.81887817,0,0,0,0,0,0,0,0
30/06/2011,0,0,0,11.64899921,0,0,0,29.01767921,0,0,14.19520569,13.78581238,14.18096638,0,37.44031906,0,11.63805008,0,0,12.65910625,36.77301407,0,9.755854607,0,0,0,0,5.960773468,0,0,0,0,0,0,0,0,0,0,0,0,0,37.22570038,0,0,0,0,0,0,0,0
29/07/2011,0,0,0,11.32623005,0,0,0,28.47914886,0,0,13.84219742,13.40885448,13.85117531,0,36.3224678,0,11.2925024,0,0,12.27454567,35.83100891,0,9.368746758,0,0,0,0,5.776193142,0,0,0,0,0,0,0,0,0,0,0,0,0,35.92423248,0,0,0,0,0,0,0,0
31/08/2011,0,0,0,10.65379429,0,0,0,28.15044785,0,0,13.41975498,12.83454323,13.38373566,0,36.05363083,0,11.36161518,0,0,12.05479717,35.84508514,0,9.147091866,0,0,0,0,5.755489826,0,0,0,0,0,0,0,0,0,0,0,0,0,35.68322372,0,0,0,0,0,0,0,0
30/09/2011,0,0,0,9.737809181,0,0,0,27.21858215,0,0,12.93053341,11.7677927,12.77848721,0,34.46281815,0,11.23299122,0,0,11.42045307,35.3209877,0,8.686646461,0,0,0,0,5.61092329,0,0,0,0,0,0,0,0,0,0,0,0,0,33.7159729,0,0,0,0,0,0,0,0
31/10/2011,0,0,0,10.99828911,0,0,0,29.08964539,0,0,13.986269,13.12551594,13.90891266,0,37.22756577,0,11.74168301,0,0,12.45508671,37.19487381,0,9.476172447,0,0,0,0,6.102406025,0,0,0,0,0,0,0,0,0,0,0,0,0,36.88271713,0,0,0,0,0,0,0,0
30/11/2011,0,0,0,10.98098564,0,0,0,29.44974136,0,0,14.13330841,13.07447147,14.01671028,0,37.74192429,0,11.86014843,0,0,12.50247383,38.05051041,0,9.275474548,0,0,0,0,6.198090076,0,0,0,0,0,0,0,0,0,0,0,0,0,37.36188889,0,0,0,0,0,0,0,0
30/12/2011,0,0,0,11.18519211,0,0,0,30.5798111,0,0,14.65550613,13.35117149,14.51606846,0,38.73311996,0,12.35247898,0,0,12.7475872,39.5173111,0,9.441799164,0,0,0,0,6.38836956,0,0,0,0,0,0,0,0,0,0,0,0,0,37.77420425,0,0,0,0,0,0,0,0
31/01/2012,0,0,0,11.89780903,0,0,0,30.60117531,0,0,15.02017784,13.79732513,14.93631363,0,38.74033356,0,12.09250164,0,0,12.93867683,38.84089661,0,10.1157093,0,0,0,0,6.380726814,0,0,0,0,0,0,0,0,0,0,0,0,0,38.44736862,0,0,0,0,0,0,0,0
29/02/2012,0,0,0,12.00495052,0,0,0,31.43479538,0,0,15.50441742,14.21783638,15.38614273,0,39.92168808,0,12.33842278,0,0,13.29698372,40.02997971,0,10.34657764,0,0,0,0,6.492315292,0,0,0,0,0,0,0,0,0,0,0,0,0,39.20466614,0,0,0,0,0,0,0,0
30/03/2012,0,0,0,12.33458614,0,0,0,32.21449661,0,0,16.02641296,14.54365349,15.92288017,0,40.67830658,0,12.56841755,0,0,13.53712845,41.06969833,0,10.63061333,0,0,0,0,6.569499016,0,0,0,0,0,0,0,0,0,0,0,0,0,39.99795914,0,0,0,0,0,0,0,0
30/04/2012,0,0,0,12.19136047,0,0,0,32.51649094,0,0,16.02338982,14.52557373,15.89889622,0,41.20895767,0,12.76690865,0,0,13.59319878,41.65177536,0,10.74812603,0,0,0,0,6.534721851,0,0,0,0,0,0,0,0,0,0,0,0,0,40.01208878,0,0,0,0,0,0,0,0
31/05/2012,0,0,0,11.59335518,0,0,0,31.66799736,0,0,15.28804016,13.71687412,15.16436481,0,39.90777588,0,12.66057301,0,0,13.00846195,40.99782181,0,10.43699741,0,0,0,0,6.402677536,0,0,0,0,0,0,0,0,0,0,0,0,0,38.52910614,0,0,0,0,0,0,0,0
29/06/2012,0,0,0,12.24439335,0,0,0,33.33853912,0,0,16.11384583,14.21631527,15.93130589,0,41.23842239,0,13.38301182,0,0,13.56476402,43.04244232,0,10.82159615,0,0,0,0,6.599972248,0,0,0,0,0,0,0,0,0,0,0,0,0,39.61965942,0,0,0,0,0,0,0,0
31/07/2012,0,0,0,12.14034748,0,0,0,34.2157402,0,0,16.43650246,14.31788445,16.20797539,0,42.07506943,0,13.75496101,0,0,13.75843048,44.47840118,0,10.85418606,0,0,0,0,6.615578651,0,0,0,0,0,0,0,0,0,0,0,18.8034153,0,40.20346069,0,0,0,0,0,0,0,0
31/08/2012,0,0,0,12.50576973,0,0,0,33.89968872,0,0,16.53789139,14.63558674,16.33870506,0,41.95765686,0,13.4831543,0,0,13.85526371,43.70965195,0,11.09894753,0,0,0,0,6.688893318,0,0,0,0,0,0,0,0,0,0,0,19.07592964,0,40.6946907,0,0,0,0,15.96545124,0,0,0
28/09/2012,0,0,0,12.93863201,0,0,0,34.65568542,0,0,17.02016068,14.92866135,16.82797432,0,42.71623611,0,13.86974049,0,0,14.10890579,44.55999374,0,11.32909966,0,0,0,0,6.875741959,0,0,0,0,0,0,0,0,0,0,0,19.3886795,0,41.70004654,0,0,0,0,15.90632153,0,0,0
31/10/2012,0,0,0,12.81572342,0,0,0,34.35738373,0,0,16.81769562,14.97591305,16.65523529,0,42.82732773,0,13.87696552,0,0,14.01950741,44.1723938,0,11.16012573,0,0,0,0,6.865139008,0,0,0,0,0,0,0,0,0,0,0,19.51190186,0,41.58521271,0,0,17.73165512,0,15.23886395,0,0,0
30/11/2012,0,0,0,12.82680798,0,0,0,34.10024261,0,0,16.88522339,15.08928776,16.72935677,0,42.6866188,0,13.55205822,0,0,14.06827354,43.85060883,0,10.85153675,0,0,0,0,6.777139187,0,0,0,0,0,0,0,0,0,0,0,19.3886795,0,41.94406128,0,0,17.48289871,0,15.38360882,0,0,0
31/12/2012,0,0,0,13.23304653,0,0,0,33.96713257,0,0,17.0300808,15.2746172,16.93833923,0,42.7924118,0,13.47503281,0,0,14.1805191,43.33834076,0,10.98025417,0,0,0,0,6.788008213,18.80110931,19.4693203,0,19.54130936,0,0,0,0,0,0,0,19.43446541,0,42.15631485,0,0,17.41875648,0,15.66649723,0,0,0
31/01/2013,0,0,0,14.00183678,0,0,0,35.94392014,0,0,17.90909386,16.35897636,17.8575058,0,44.95296097,0,14.08819389,0,0,14.89364243,45.75011063,0,11.89372921,0,0,0,0,7.228731632,20.21460915,20.76312256,0,21.12341309,0,0,0,0,0,0,0,20.7702198,0,44.86719131,0,0,18.42170715,0,16.65579224,0,0,0
28/02/2013,0,0,0,14.30925274,0,0,0,36.65542984,0,0,18.19957733,16.60496521,18.16334343,0,45.67065048,0,14.39477825,0,0,15.22151947,46.6867981,0,12.10295296,0,0,0,0,7.375819206,20.61737061,21.19958305,0,21.55418587,0,0,0,0,0,0,0,20.98305511,0,45.84571457,0,0,18.81805611,0,16.90716934,0,0,0
29/03/2013,0,0,0,14.91010284,0,0,0,38.29906082,14.49018383,0,18.94391823,17.44861603,18.90813065,0,47.82307053,0,15.19344997,0,0,15.95800495,48.60943222,0,12.5832901,0,0,0,0,7.69336319,21.4954586,22.1899662,0,22.32860756,0,0,0,0,0,0,0,22.15678978,0,48.09241486,0,0,19.75989532,0,17.49151802,0,0,0
30/04/2013,0,0,0,14.97002125,0,0,0,39.84986877,15.07563877,0,19.48319054,17.75604248,19.44321442,0,49.38448715,0,15.81945324,0,0,16.41135216,51.00419998,0,12.94794273,0,0,0,0,7.853610516,22.05091476,22.82262802,0,22.91041183,0,0,0,0,0,0,0,22.90548134,0,49.01066589,0,0,20.5669384,0,17.729105,0,0,0
31/05/2013,0,0,0,15.29063988,0,0,20.88672638,39.02169037,14.37932587,0,19.65634918,17.83440971,19.57635117,0,48.75085449,0,15.31128407,0,0,16.27122498,49.8588829,0,12.37453651,0,0,0,0,7.767580032,22.51506805,23.1897316,0,23.64159203,0,0,0,0,0,0,0,22.95737267,0,49.19286728,0,0,19.93902206,0,18.36814117,0,0,0
28/06/2013,0,0,0,15.34763241,0,0,20.55407143,38.99320984,14.37589836,0,19.48859215,17.6512146,19.50345993,0,48.69480515,0,15.33939648,0,0,16.16140366,49.75337219,0,12.28213406,0,0,0,0,7.880376816,22.34611511,23.1144104,0,23.42661095,0,0,0,0,0,0,0,23.02796173,0,48.62744522,0,0,19.95156288,0,17.8684063,0,0,0
31/07/2013,0,0,0,16.51424408,0,21.42573547,21.4792881,40.17682266,14.69371986,0,20.38135338,18.73100853,20.39535141,0,51.38019943,0,15.91936016,0,0,17.03297234,51.44081879,0,12.55886555,0,0,0,0,8.331071854,23.41640663,24.43254471,0,24.64378929,0,0,0,0,0,0,0,24.09067535,0,51.43652725,0,0,20.59254646,0,18.53416061,0,0,0
30/08/2013,0,0,0,15.6948061,0,20.67731667,20.96593857,38.77592468,14.01705456,0,19.74528122,18.06363106,19.67666817,0,49.22730255,0,15.36913776,0,0,16.32741737,49.55089569,0,12.09114647,0,0,0,0,7.904987335,22.55252838,23.45963478,0,23.79808807,0,0,0,0,0,0,0,23.49196243,0,49.07484436,0,0,19.73552132,0,18.05745125,0,0,0
30/09/2013,0,0,0,16.57567978,0,22.0178833,21.6034317,39.49478149,14.37616539,0,20.19734573,18.8353405,20.21642685,0,50.8730011,0,15.57886982,0,0,16.75005913,50.11787796,0,12.55401325,0,0,0,0,8.188464165,23.11028099,24.09478569,0,24.42689133,0,0,0,0,0,0,0,24.2012043,0,50.85280228,0,0,20.01160622,0,18.63006783,0,0,0
31/10/2013,0,0,0,17.31267357,0,22.93623924,22.64439011,41.55675888,15.15119743,0,21.24480438,19.74199677,21.32057953,0,53.52630615,0,16.26660919,0,0,17.49320984,52.71905136,0,12.75867558,0,0,36.42726517,0,8.570178986,24.22578621,25.43777847,0,25.702034,19.35029984,0,0,0,0,0,0,25.3565197,0,53.36077881,0,0,20.90913773,0,19.58058548,0,0,0
29/11/2013,0,0,0,17.84505272,0,23.89835739,23.43006134,41.83828354,15.16348171,0,21.77543259,19.8329258,21.71506882,0,53.81004715,0,16.27408981,0,0,17.66020775,53.22566605,0,13.01453018,0,0,37.03367615,0,8.744359016,24.74124146,25.94337273,0,26.29974747,19.12957573,0,0,0,0,0,0,25.51509476,0,53.8771286,0,0,20.85479164,0,19.86987305,0,0,0
31/12/2013,0,0,0,18.09499741,0,24.29877663,23.92432594,42.28578949,15.35910511,0,22.26446915,20.3548317,22.26657486,0,55.14237595,0,16.53042984,0,0,17.9775486,53.56310654,0,12.99830055,0,0,37.79843521,0,8.860009193,25.0927887,26.53461266,0,26.84482574,19.21637917,0,0,0,0,0,0,26.08629227,0,54.84210205,0,0,21.04331779,0,20.51968956,0,0,0
31/01/2014,0,0,0,17.38190842,0,23.09667778,22.80601311,41.19631577,15.68425369,0,21.45104599,19.89793587,21.47982407,0,53.68171692,0,16.16073799,0,0,17.43150139,51.51971436,0,12.99190235,0,0,36.06787109,0,8.615945816,24.19911575,25.54623985,0,25.93605995,18.88225174,16.98113632,0,0,0,0,0,25.08825111,0,53.19578171,0,0,20.64054108,0,19.70456123,0,0,0
28/02/2014,0,0,0,18.05368233,0,23.74764061,23.77651596,42.50099945,16.01452065,0,22.31252289,20.87862587,22.38716698,0,55.63701248,0,16.65869141,0,0,18.17076111,53.20476913,0,13.36842632,0,0,37.76416779,0,8.89840126,25.15496063,26.54258156,0,27.08609009,19.41686249,17.59043884,0,0,0,0,0,25.97962952,0,55.17438507,0,0,21.38445282,0,20.40324402,0,0,0
31/03/2014,0,0,0,18.31895065,0,24.20744133,24.13682556,43.72506714,16.20907784,0,22.91467285,21.15441132,22.92714882,0,57.14067078,0,17.13141251,0,0,18.54666138,54.91172409,0,13.32906628,0,0,38.15987778,0,9.196987152,25.56778145,27.068573,0,27.55531311,20.15196037,17.90511703,0,0,0,0,0,26.89052773,0,55.8640976,0,0,22.06025696,0,21.11112404,0,0,0
30/04/2014,0,0,0,18.09867859,0,23.6578846,24.41140747,44.69629669,16.83624077,0,23.3495121,21.43076324,23.35163116,0,58.32523727,0,17.62609291,0,0,18.85168076,56.71804047,0,13.27732277,0,0,38.58999252,0,9.323554993,25.9589653,27.39740562,0,27.78972054,21.00719833,18.0908947,0,0,0,0,0,27.65927124,0,56.70684052,0,0,22.97590065,0,21.26239777,0,0,0
30/05/2014,0,0,0,18.24713516,0,23.76488113,24.84017944,45.25550079,17.2192955,0,23.79754448,21.76097298,23.79145432,0,58.66037369,0,17.80113602,0,0,19.03807068,57.04087067,0,13.47401428,0,0,39.23516846,0,9.433664322,26.44403076,27.830513,0,28.21812439,21.15688133,18.40052032,0,0,0,0,0,28.28194809,0,57.30661392,0,0,23.33319855,0,21.83387375,0,0,0
30/06/2014,0,0,0,18.90449142,21.20611954,24.61872292,25.1408596,46.24143219,17.84602356,0,24.25448227,22.53367996,24.31618118,0,60.45784378,0,18.24460983,0,0,19.5027771,58.40170288,0,13.93662739,0,0,39.80002213,0,9.750192642,26.85043716,28.32385063,0,28.94843483,21.53855133,18.64001656,0,0,0,0,0,29.01338959,0,58.48418427,0,0,23.78305054,0,22.38142204,0,0,0
31/07/2014,27.90795326,0,0,17.95287704,20.70540619,23.24908257,24.8003273,45.41244888,17.4365406,0,23.94743919,21.84837723,23.94699287,0,57.8347168,0,18.02210999,0,0,18.84642982,57.13125229,0,13.73994637,0,0,38.71220779,0,9.373311996,26.38532639,27.83104897,0,28.45985603,20.91196632,18.8003273,0,0,0,0,0,28.55593681,0,56.36137009,0,0,22.90065956,0,22.71106148,0,0,0
29/08/2014,28.85885239,0,0,18.78116989,21.52806664,24.26851463,25.74608994,47.00531387,18.18785667,0,24.86400414,22.71540833,24.86898422,0,60.19081879,0,18.37503624,0,0,19.67325592,59.05242538,0,14.14556217,0,0,40.2317009,0,9.813598633,27.22094536,28.88934708,0,29.38001442,21.83233452,19.33467674,0,0,0,0,0,29.57164955,0,58.75909424,0,0,23.77248001,0,23.47175026,0,0,0
30/09/2014,28.50721931,0,0,17.65923309,21.33184242,23.22889137,25.48431206,46.49835587,17.81439018,0,24.679533,21.74125671,24.54881287,0,58.46618271,0,18.10622597,0,0,19.2441082,58.76946259,0,13.51757431,0,0,40.20944977,0,9.557566643,26.96302605,28.35116005,0,28.77339363,21.33443642,19.5326767,0,0,0,0,0,29.11412811,0,57.56100082,0,0,23.43000984,0,23.01274681,0,0,0
31/10/2014,29.44564819,0,0,19.08302689,21.95447922,24.77793884,26.1929245,47.93735123,18.29583168,0,25.30710793,22.78674889,25.28812599,0,61.8620491,0,18.67881203,0,0,20.1437645,59.85517883,0,14.18439865,0,0,41.93544006,0,10.09204674,27.81950378,29.14864731,0,29.28910637,22.50198746,19.36355782,0,0,0,0,0,29.73956299,0,60.3568573,0,0,24.57616615,0,23.02124596,0,0,0
28/11/2014,30.17941093,0,0,19.0878315,22.60271263,24.85608673,27.2238121,48.88105774,18.34603882,0,26.10111237,23.22717094,26.01426125,0,62.44784164,0,18.77940369,0,0,20.60644722,61.01898956,0,14.32483292,0,0,43.61807251,0,10.20465946,28.54908943,29.82405472,0,29.8948555,22.9367733,19.66778946,0,0,0,0,0,30.31809044,0,62.13115692,0,0,25.12225151,0,24.21946907,0,0,0
31/12/2014,30.57236671,0,0,19.4642868,22.69901085,25.35824966,27.21437645,48.71063995,18.03657341,0,26.07564545,23.46936798,26.09809303,0,63.33937454,0,18.71305847,0,0,20.83314896,60.29637909,0,14.0773468,0,0,43.67697144,0,10.45759583,28.62572479,29.66127014,0,30.09109688,23.33790588,19.64708138,0,0,0,0,0,30.00020599,0,62.4165802,0,0,25.24905586,0,23.70471382,0,0,0
30/01/2015,30.03318977,0,0,18.80500793,21.8646431,24.30482483,26.28260612,47.83757782,18.09273911,0,25.2441864,23.31765366,25.3356514,0,63.02030182,0,18.40859604,0,0,20.55721092,59.14622879,0,13.76481724,0,0,42.47436905,0,10.24362183,28.29063988,29.12048531,0,29.01082039,23.53027344,18.9348526,0,0,0,0,0,29.02227783,0,60.91950607,0,0,25.27793694,0,22.51434326,0,0,0
27/02/2015,30.76752472,0,0,19.6835289,23.01991463,25.74905777,27.9701252,49.32787323,18.14043808,0,26.57188988,24.23109627,26.62300873,0,63.37128067,0,18.89261818,0,0,21.02285004,61.16294479,0,14.37732601,0,0,44.46126556,0,10.49530029,29.49534225,30.60354424,0,30.6930809,23.49949455,20.4484539,35.71373367,0,0,0,0,30.35509682,0,62.78884125,35.73722839,0,25.59365845,0,24.23567581,0,0,0
31/03/2015,30.29864693,0,0,19.89227104,22.65785408,26.14840889,27.46109772,48.3228569,17.89171028,0,26.07876778,24.20543098,26.20940781,0,62.6489296,0,18.33585548,0,0,20.87077522,59.63916016,0,14.45550823,0,0,43.95332336,0,10.46392727,29.14908028,30.2420845,0,30.3115406,22.84544754,20.11491394,35.40920258,0,0,0,0,29.52568054,0,62.25464249,35.88830566,0,25.49865532,0,23.06242752,0,0,0
30/04/2015,30.46562386,0,0,19.45855141,22.68455124,25.52295113,27.64545822,49.07943726,18.12099648,0,26.52843857,23.85752296,26.50636482,0,62.96240234,0,18.92656898,0,0,20.87077522,61.37291336,0,14.49362946,0,0,43.4983902,0,10.52543259,29.29353142,30.3410759,0,30.31983757,23.72659492,20.13297844,35.24100113,0,0,0,0,30.70383644,0,61.8406868,34.99066162,0,25.5081234,0,23.96163177,0,0,0
29/05/2015,30.57782173,0,0,19.49402428,22.96787834,25.53975487,27.93379402,48.99079514,17.85325432,0,26.734375,23.97233009,26.78066635,0,63.01065063,0,18.87143898,0,0,20.94008827,60.91164017,0,14.53332901,0,0,44.05831146,0,10.46902084,29.5423317,30.63805389,0,30.70131683,23.3219471,20.44895363,36.0200119,0,0,0,0,30.48095131,0,62.4616394,35.16840744,0,25.53198242,0,24.11577988,0,0,0
30/06/2015,29.70538521,0,0,19.57021713,22.40308762,25.65291595,27.30032921,47.7664566,16.96666336,0,26.12915421,23.39481544,26.19052887,0,60.91299057,0,18.12657166,0,0,20.38055611,59.07195282,0,14.00096893,0,0,43.26309967,0,10.38900661,28.72592163,29.73351479,0,29.73767853,22.44260788,19.9459877,35.39903641,0,0,0,0,29.41869354,0,61.05925751,35.9527359,0,24.75668144,0,22.74489594,0,0,0
31/07/2015,30.52929497,29.41097832,28.37441444,19.22991562,22.83641434,24.81726456,27.52028656,48.17940521,17.00614357,0,26.46947861,23.70840073,26.51791191,0,61.86132813,0,18.50818825,0,0,20.93845177,59.93111801,0,14.00760269,0,0,44.3270874,0,10.50526714,29.16238594,30.20705795,0,29.99655533,23.02475166,20.41765404,36.03910065,0,0,0,0,29.25017738,0,62.11680603,36.10440063,0,25.72556496,0,22.46920013,0,0,0
31/08/2015,29.22459984,28.08123398,27.38942719,18.29276657,21.51043129,23.74657631,25.77826881,45.61645508,16.22517395,0,24.95628357,22.66747475,25.00794792,0,59.55938339,0,17.71316528,0,0,20.00572205,57.01645279,0,13.37857342,0,0,42.1199646,0,10.18779087,27.60242271,28.65350914,0,28.30966949,22.2478466,19.15685654,34.405159,0,0,0,0,28.26313972,0,59.01618958,34.32995605,0,24.78415298,0,21.39226532,0,0,0
30/09/2015,28.93306541,27.92197609,26.30511475,17.72529221,21.15777397,22.67399788,25.24910545,45.06177902,15.77984715,0,24.59921074,22.19042778,24.64243126,0,59.49959564,0,17.75583839,0,0,19.98463058,56.45220184,0,12.97416878,0,0,41.10547638,0,10.06777477,27.17406082,27.9287262,0,27.25584602,21.75344849,18.55528259,33.40346527,0,0,0,0,27.42987251,0,58.20114899,34.0195961,0,24.82902145,0,21.04308891,0,0,0
30/10/2015,30.79708862,29.76137352,27.89764977,18.90398216,22.84166718,24.15766907,27.4723053,48.78660965,16.68546677,0,26.65335846,23.71351242,26.67887115,0,62.8691864,0,19.16732407,0,0,21.27367592,61.02806473,0,13.31293964,0,0,44.11986542,0,10.88584328,29.18423653,30.20383835,0,29.60431671,23.38849258,19.89431572,36.30740356,0,0,0,0,29.71366882,0,62.70980072,36.74475098,0,26.32078362,23.07972908,22.96399689,0,0,0
30/11/2015,30.65784645,29.62513924,28.42490578,19.25683212,22.8503952,24.70370865,27.5384388,48.49391174,16.37029076,0,26.69753647,23.80073357,26.74483299,0,62.93461609,0,19.10317039,0,0,21.33506393,60.3384285,0,13.70074463,0,0,44.22595215,0,10.93467617,28.95636368,30.11183167,0,29.59590721,22.78573227,19.67570114,36.40200806,0,0,0,0,29.36543846,0,62.83885193,37.53450775,0,26.30924225,22.77332687,22.80754089,0,0,0
31/12/2015,30.20326996,29.02092361,27.24043846,18.43408585,22.54138374,23.31671906,26.91962242,48.39843369,16.12650108,21.93652725,26.42969894,23.27757835,26.43935013,0,62.02257919,0,19.20502281,0,0,21.08413315,60.13232803,0,12.63607597,0,20.91931725,43.86832809,46.55279541,10.70666027,28.44023895,29.38555908,0,28.68182755,22.20389938,19.05644417,35.60272217,0,0,0,0,29.04600334,0,61.91989136,37.14203644,0,26.55688667,22.66551018,22.08742714,0,0,0
29/01/2016,29.52939606,27.96718979,26.01457977,17.42743111,21.78678894,22.13426971,25.68260765,47.78752899,15.71558952,20.37530708,25.59190559,22.49832344,25.50407791,0,61.45310593,0,19.39139557,0,0,20.93403053,60.19785309,0,11.40255547,21.94081116,20.75095177,42.8990097,44.58633423,10.52576065,27.47909164,28.24625587,0,26.79824257,21.61726379,17.84300995,33.76244354,0,0,0,0,27.82043266,0,60.7415657,35.83390045,0,26.37408257,22.41139793,20.92493248,0,0,0
29/02/2016,30.41856766,29.39362526,26.99759483,17.96310425,21.96227646,22.76800919,26.05591583,48.60552216,16.08585548,21.04110527,25.78658676,22.93761635,25.79391861,0,63.22752762,0,19.69932365,0,0,21.35783195,60.77944183,0,11.80944443,22.63383675,21.24762917,43.70825958,46.2713089,10.66564178,27.77482796,28.4909935,0,27.21776772,22.38069725,17.95332909,35.69249344,0,0,0,0,29.36464882,0,62.58477783,37.19617081,0,27.44932747,23.10245514,21.6329155,0,0,0
31/03/2016,32.33237076,31.19684601,28.90524673,19.60844231,23.30340004,24.88949203,27.86601639,52.17942429,16.98386002,22.24467659,27.61413383,24.99316978,27.71632767,0,67.92879486,0,20.92280388,0,0,22.83057022,64.45606232,0,12.81021786,23.75283623,22.78227234,46.71183777,49.90001678,11.55697727,29.84673309,30.67074966,0,29.24956512,24.29330444,19.13918495,38.97806549,0,0,0,0,32.08955765,0,67.66247559,39.27113724,0,29.86442184,25.14960289,23.73204422,0,0,0
29/04/2016,32.22605133,30.90132904,28.86713982,20.04993439,23.58586502,25.11800957,27.74947929,52.4978981,17.09063721,22.69708061,27.80047226,25.19556999,27.96585464,0,68.23655701,0,20.96358871,0,0,22.96366882,65.15013123,0,13.18760777,23.50834656,22.70313835,47.08682251,50.898983,12.10463619,29.62331581,30.78116989,0,29.45554161,24.66193771,18.98290253,39.3326683,0,0,0,0,32.53467941,0,68.30583191,39.2350502,0,29.94078827,25.49967003,22.46210098,0,0,0
31/05/2016,32.61477661,31.35665131,29.46824646,20.03848457,23.96542931,24.87586594,28.05405998,53.18730927,17.15001106,22.61172295,28.24533081,25.66403389,28.40029335,0,68.95185852,0,21.11041832,0,0,23.26535416,66.19120789,0,13.18322182,23.62024307,22.92285347,47.44394302,50.15095901,12.24575806,30.11980629,31.05297279,0,29.79026794,24.52416229,19.36991882,40.54006195,0,0,0,0,32.82317352,0,69.24546051,40.43492508,0,29.86148643,25.51295471,23.44101715,0,0,0
30/06/2016,33.13064194,32.05541992,29.44615746,20.63236618,24.22375298,25.42480087,28.29627037,55.48038864,17.72343254,23.00569153,28.89358711,26.15639496,29.06271553,0,71.50427246,0,22.03399467,0,0,24.05389023,68.44934845,0,13.21962643,23.43399429,23.95788002,48.80156708,48.31587219,12.69536209,30.73459625,31.34047318,0,29.80587006,25.56964111,18.83293915,41.63555145,0,0,0,0,33.1641655,0,71.4785614,42.51893616,0,31.05319023,26.46208763,23.58815765,0,0,0
29/07/2016,34.25974655,33.0422821,30.55190659,21.62144661,24.94327164,26.91947174,29.38038635,56.53469849,18.02075005,23.65882111,29.76289177,26.93955612,30.02451706,0,72.93804932,19.70510674,22.72383881,0,0,24.49999428,68.94929504,0,13.92276096,24.27361488,24.35563278,49.91375732,53.0991478,13.00967216,31.77574539,32.66628265,0,31.31130409,27.20995712,19.84265327,42.42341614,0,0,0,0,34.82694244,0,73.49720001,43.20587921,0,32.49482727,27.32232475,25.48799515,0,0,0
31/08/2016,34.35649109,33.15946579,31.18884468,21.66056633,24.90774155,27.37753296,29.18689537,55.68671417,17.70221901,23.6502285,29.73958397,26.77806282,29.98221779,0,72.2002182,19.90322304,22.50210571,0,0,24.26802063,68.2077179,0,14.36637878,24.16606712,23.95788002,49.64468384,54.22168732,12.92942238,31.50920486,32.65773392,0,31.32860374,26.84281349,20.43497086,42.53597641,0,0,0,0,34.52763367,0,72.96060181,43.04205322,0,31.98304558,27.21183395,25.64779854,0,0,0
30/09/2016,34.34289932,33.18976212,31.05932045,21.83842087,24.69030952,27.50671577,29.11960411,55.79977798,17.55125999,23.445467,29.79790688,26.77796745,30.04785156,0,72.4253006,19.93370247,22.56268883,22.14796829,21.25717735,24.20290756,68.29860687,0,14.28499699,23.89621162,23.77565193,48.97845078,53.18915939,13.07200432,31.56567192,32.67504501,0,31.33491325,26.80201149,20.56460953,42.01727676,0,0,0,0,34.86018372,0,72.28047943,43.38238907,0,31.86881447,27.36394882,26.17728806,0,0,0
31/10/2016,34.08737564,32.88485718,30.18674088,21.01977348,24.33273125,26.56093407,28.51062393,54.20049286,17.02352715,23.52332878,29.30639839,26.14574623,29.47467995,0,71.03915405,19.81021881,22.0248909,21.62841606,20.6900959,23.83537865,66.6180191,0,14.0286541,23.12018013,23.47035408,46.72470093,52.64498901,12.81032372,30.80232811,32.05348587,0,30.89849854,26.03947639,20.7661705,40.93296051,0,0,0,0,33.67777634,0,69.77003479,42.70127106,0,30.98175812,26.70255852,25.61481285,0,0,0
30/11/2016,35.37422943,34.17604828,33.83047867,23.35120964,25.50378227,29.70043945,29.78401184,55.52054214,17.37734985,24.55284691,30.4700222,27.6020565,30.76296616,0,73.72688293,21.1309967,22.50477219,22.67530251,21.74920464,24.62421417,67.48352814,0,15.17466164,24.39780045,23.80123711,48.33836746,56.50281525,13.63197136,32.19480133,33.84046173,0,32.96711349,27.8083477,22.79384613,44.05939865,0,0,0,0,35.4891243,0,73.00022125,46.69713211,0,31.77223396,28.0572052,26.14157867,0,0,0
30/12/2016,36.12398148,34.79817581,35.30189514,24.22095299,25.96865273,30.49620247,30.17664146,57.02500916,17.83779907,25.17329979,31.39966965,28.01495934,31.72677803,0,75.44145966,21.5104351,23.18650436,23.03857231,22.03385544,25.27987671,69.66134644,0,15.22710323,24.54479599,24.55685997,48.9775238,54.74202347,14.06825352,32.83412552,34.38824844,0,33.59405899,28.46681023,22.99296379,45.66387177,0,0,0,0,35.57121277,0,74.48064423,49.03670502,0,32.49802399,28.23794746,26.53725433,0,19.38372993,20.56670952
31/01/2017,36.31910706,35.06254578,34.84659576,23.87987709,26.2651825,30.20018578,30.71184921,56.84244919,18.17681313,25.01148987,31.62775803,28.43799973,31.94171333,0,76.45507813,21.75642204,23.37861061,23.36906624,22.19394875,25.45122719,69.15319824,0,15.63507462,25.11450195,24.93518639,49.3136673,55.59723663,14.12649822,32.87646484,34.50154114,0,33.91970444,28.94028091,23.53353691,46.38925171,0,0,0,0,36.11235428,0,75.02037048,48.06034851,0,33.05668259,28.44045639,27.45233154,0,19.0220089,20.32050323
28/02/2017,37.67498016,36.37262726,34.78670502,23.96457672,27.5141964,29.9621067,32.13249588,58.7795105,18.318964,26.2250843,32.9254837,29.16892242,33.2076416,0,78.61006165,22.75600052,24.39761353,24.31704521,22.74163818,26.37115479,71.73635864,0,16.13960266,26.03552437,25.80361748,51.12159348,57.14848328,14.39174366,34.14647293,35.852314,0,35.43349457,29.36392403,24.83836174,47.15092468,0,0,0,0,37.08469772,0,77.27497864,48.77208328,0,34.15293503,29.2261982,28.31358337,0,19.50090218,20.19911194
31/03/2017,37.67927551,36.35601044,34.76171875,23.77060699,27.50664139,29.83080673,32.32824326,58.45291901,18.37437248,26.20710754,32.98635101,29.11667061,33.19736862,0,78.19645691,22.69352531,24.24352646,24.37612152,22.74404335,26.29651451,71.63599396,0,16.33921432,26.12273598,25.7831192,51.24365997,56.82362366,14.28361225,34.11427307,35.7830162,0,35.31706619,28.80738068,24.79263687,47.03563309,0,0,0,0,36.63009262,0,77.10409546,48.62255859,0,33.91247559,28.81939316,28.57845497,0,19.28839111,20.16101074
28/04/2017,37.84921265,36.54608536,35.21780396,24.13040924,27.76860809,30.24593735,32.78887939,58.27384186,18.74158287,26.40322495,33.11837387,29.20179176,33.32828522,0,78.53977966,22.80736732,23.98266602,24.43743706,22.72873878,26.32370758,71.12345123,0,16.73999214,26.62710381,25.93922806,52.00032425,57.37995148,14.26186371,34.24188232,35.92327118,0,35.30821609,28.72138214,25.11037254,47.07202911,0,0,0,0,36.38276291,0,77.55898285,49.62942123,0,33.52964783,28.69679451,28.64156151,0,19.29868507,20.26040268
31/05/2017,38.25280762,36.95576096,33.91412354,23.33685875,28.08477402,29.46064949,33.35507965,58.45029449,18.69517136,26.59405899,33.50667572,28.83172607,33.65467834,0,79.1492157,22.66605186,24.15937996,24.59509277,22.75255203,26.57751465,72.09726715,0,16.19426346,26.91260338,26.219347,52.39233398,56.29732513,14.15897465,34.37800598,35.87944412,0,35.07813263,28.03334045,25.08233261,46.75354767,0,0,0,0,36.12691116,0,77.62895966,48.80562973,0,33.83252716,28.73765945,29.05626297,0,18.73808479,19.44724464
30/06/2017,38.42071915,37.04156494,35.03775024,23.88390732,28.46016693,30.12989616,33.66046143,58.7612114,18.79436302,26.6854763,33.8263855,29.32988167,34.00419998,0,79.77057648,23.04132843,23.86952782,24.94572449,22.98127747,26.66188049,71.61686707,0,16.79097366,27.11320496,26.23171616,52.85999298,56.62545013,14.19867039,34.67075348,36.25642395,0,35.78459549,28.40252686,25.36894608,47.03582382,17.71701431,18.67712593,18.68057442,18.72280121,36.71413803,0,78.2022934,50.08035278,0,33.94769669,29.13134575,28.33194542,24.40817833,19.42904091,19.80273438
31/07/2017,38.79994583,37.47626114,35.13471222,24.17756081,28.78729439,30.46510887,33.97131348,59.50149918,19.02794075,27.23582649,34.41061401,29.56653023,34.62491226,0,80.2550354,23.37217522,24.19197655,25.21053886,23.17428589,27.01738167,72.80574799,0,16.92004395,27.45665359,26.39790535,53.43645859,57.13225174,14.45277405,35.17595291,36.78598022,0,36.32814026,28.97603035,25.78175163,47.45619202,17.7348175,18.85535812,18.59587669,18.57331657,37.07551956,0,79.09085846,50.84332275,0,34.17387009,29.45319176,28.78612518,24.5985527,19.38353729,19.88239479
31/08/2017,38.83277512,37.49034882,34.65095901,23.57914734,28.89634132,29.14961433,34.25634003,59.23215866,18.94869995,27.52161217,34.55048752,29.22762871,34.64751816,0,79.632164,22.96946907,23.97983932,25.18406105,22.94696426,26.77126694,72.48699188,0,16.33607101,27.26489258,26.44164276,53.09789658,55.90261841,14.18943405,34.99613571,36.48590469,0,35.70440292,28.18762207,25.31265259,46.44182968,17.52737999,18.68650436,18.45471573,18.21455765,36.6711235,0,78.36947632,49.70346451,0,34.02994537,29.06532669,29.15855408,23.93405724,18.42553902,19.24231148
29/09/2017,39.58357239,38.2363472,36.97184753,25.14779282,29.65585709,31.43664551,35.11056519,60.62326431,19.16203499,28.13380623,35.41981888,30.19490433,35.57212448,0,81.64642334,23.75117683,24.80649185,25.85584259,23.46965408,27.23842049,74.67693329,0,17.01554108,28.02783203,26.701828,54.70352173,57.77322769,14.5968647,35.83426666,37.71256256,0,37.37630844,29.56945229,26.21280098,48.01645279,18.21340561,19.26581192,19.38661957,19.63916397,38.23766708,0,80.81214905,51.80151367,0,34.86084366,30.00162125,29.60519791,24.67301178,20.00290298,20.26880836
31/10/2017,40.12863159,38.75813675,37.28318024,25.33176041,30.2951889,31.65073013,36.03515625,60.85514069,19.02163887,29.03612137,36.08831024,30.52573204,36.22460938,0,82.60544586,24.02766991,24.61843491,26.16264725,23.8247261,27.65042686,74.44235992,0,16.72653389,28.68742561,27.02820969,55.48566055,58.48888779,14.69757366,36.29158783,37.82810593,0,37.56480026,29.34440613,26.54222298,48.99843597,18.25451851,19.55729675,19.70849609,19.70478249,38.30708313,0,81.82971191,51.81074905,0,35.11543655,30.14833069,31.35153389,25.30082321,19.88832283,20.56895065
30/11/2017,41.73649979,40.25156021,39.18603897,26.35595512,31.56472397,32.94708633,37.71224213,63.00915909,19.38877296,29.91708565,37.4003334,31.84139252,37.58209991,0,85.95323944,24.66963959,25.55872536,27.07860374,24.65266037,28.4561367,77.21395111,22.49118996,16.99969292,30.32205963,27.97296143,58.04372025,60.66696167,15.27193069,37.75843048,39.46353912,0,38.9740448,31.09477806,27.77521324,50.58614349,19.08922768,20.24368286,20.39852142,20.37973213,39.56518173,19.77556992,85.22747803,53.48295975,22.30584145,36.41125107,31.50044823,32.05554581,26.08130836,21.14868927,21.22884369
29/12/2017,41.82348251,40.46466827,39.29717255,26.31355667,31.94224739,32.77389908,38.30366516,63.69195938,19.60846519,30.62205887,38.06703186,32.1786232,38.19231415,0,86.62124634,25.82390976,25.96874237,27.48339462,25.10962868,28.4429245,78.99261475,22.80381966,17.0613327,30.65517998,28.05646133,59.27028275,62.3473053,15.3035593,38.42884064,40.37882996,0,40.06579971,31.77751541,28.22655106,50.30656433,19.5302372,20.54759789,20.57168007,20.33876991,40.07068253,19.87331963,86.26148224,51.30530548,22.88453865,36.36481094,31.81639481,32.36136246,26.93081284,22.21100616,20.88083649
31/01/2018,43.06689453,41.58935165,39.16572571,26.24952698,33.47599792,33.0394783,40.32370377,64.54356384,19.18719292,32.00162506,39.53764343,32.7120285,39.43254852,0,88.46686554,27.32591438,26.34848022,28.69930077,26.10736656,28.95906258,80.82416534,23.35637283,16.58695793,32.19993973,28.04756355,61.39896774,63.92310715,15.78036499,39.77019119,42.02878189,0,41.66987991,32.41150665,29.42627525,50.48178482,20.35863113,21.46270752,21.06635094,20.6393528,42.07421875,20.43450356,87.94141388,51.34156799,24.17096138,36.45779037,32.36011887,34.19087219,27.84147453,22.81220436,20.74772263
28/02/2018,41.04286575,39.65334702,37.44942856,24.6806469,32.18104553,31.35928154,38.6309433,60.6534996,18.66883659,30.39706612,37.755867,31.05977631,37.69401169,0,84.70530701,26.04296875,24.82090569,27.79723549,25.337183,27.49359703,75.47851563,22.29599953,16.02206993,31.43235207,26.64162064,58.38178635,61.39523315,14.71084118,38.48981476,39.99324417,0,40.06579971,30.84824181,29.06730843,48.25925446,19.6499958,20.85326767,20.39731026,19.88788986,39.67696762,20.02189255,83.65024567,48.85113144,23.29964256,33.98788834,30.59301376,33.87829208,26.72677231,21.74340439,19.74163246
30/03/2018,41.05363083,39.61386871,37.81012344,24.94210243,31.30653,31.68688774,37.4899826,60.0418129,18.59532547,29.72681808,37.02292633,31.24159431,37.06910324,0,84.28046417,25.49712753,24.55762482,26.97324944,24.88669968,27.67208672,74.72733307,21.88327026,16.81993294,30.84571648,26.52506447,57.8335495,60.64002991,14.76628685,37.54530716,39.37327957,0,38.57812119,30.74989128,28.15982628,49.09732056,19.14994812,20.32052422,20.18431664,19.86147118,38.56608582,19.67491722,83.75949097,50.00018311,22.85003281,34.1500206,30.67456818,33.09768677,26.04415894,21.70952797,20.04360962
30/04/2018,41.33889771,39.96603775,38.32022476,25.44720268,31.28805923,31.88510132,37.2761879,60.30619049,19.15126038,30.41184616,37.11882019,31.4933548,37.26459503,0,85.34372711,26.05408096,24.53152657,27.0184021,25.37842751,27.6443119,74.7096405,22.21871758,17.11937332,30.38410759,26.26484299,57.25754547,61.55367279,14.90101719,38.01758575,39.76944733,0,39.36969376,31.74041557,28.18825912,49.11585999,19.17618942,20.39620781,20.28116417,20.31695938,38.88408279,19.52313423,83.46559143,50.6257782,23.18860626,34.41194916,31.04342461,32.68153763,26.29137993,22.1711483,20.33655739
31/05/2018,41.63341522,40.16267776,40.08409882,26.57693291,31.78674507,33.29224777,38.31671143,61.22874069,19.34667778,30.38480759,37.69240189,32.39566422,37.94755936,0,86.53102112,25.71640396,24.78380013,27.58730507,25.84897423,27.87576294,74.93962097,22.39526939,17.58250427,31.32943535,26.55198097,57.80568695,62.85244751,15.11407566,38.95337677,40.93092346,0,39.96110535,32.95007706,28.50104332,49.9591713,19.48387718,20.67717552,20.79388809,21.14554405,39.26392746,19.94623184,84.52178192,52.48015213,23.42791367,35.07094574,31.51520157,33.50458145,26.66871834,22.36489677,21.32143974
29/06/2018,42.28765106,41.00968552,41.15352631,27.14043999,31.8330822,33.96496964,38.25481033,62.09520721,19.71843338,30.45394707,37.97740555,32.93133545,38.33082962,0,87.31310272,25.96145439,25.10008812,27.57126427,26.13169861,28.21265793,75.88729095,22.90508461,17.43337059,31.43084717,27.04567146,58.3102684,63.99297333,15.42180824,39.20156479,41.06232834,0,39.96294785,33.84293365,28.47854996,50.73329163,19.73091316,20.81139183,20.89857292,21.51818466,39.64310455,20.01530838,85.71334076,53.55772018,23.6911068,35.91473389,32.31359863,32.99724579,27.13197327,22.91140556,22.20184898
31/07/2018,43.41519547,41.87681961,42.20043182,27.54324341,33.467453,34.78860855,39.96738815,63.77786255,20.14123535,31.63671875,39.63132477,33.77362823,39.7642746,0,89.29626465,26.67018318,25.86388779,28.70778275,26.93387032,29.34004402,78.86955261,23.3230648,18.11122894,32.1110878,27.62505913,61.15375519,64.67028046,15.91790485,40.38975525,42.39481735,23.33926964,40.82414627,34.20589066,29.24875069,51.81292725,20.10770035,21.18587494,21.07963943,21.70186615,40.74775696,20.22164345,89.07900238,54.76662827,24.36540031,36.57822418,32.79019547,34.1424675,28.03977013,23.12457657,22.47920418
31/08/2018,43.9365921,42.40748596,43.44396591,28.0769043,34.40536118,35.49365234,41.11304474,64.55228424,20.05909729,32.25806808,40.56773758,34.47907639,40.74206924,0,90.23426819,27.19157028,25.84633255,29.44574738,27.60308456,29.61956406,79.84281158,23.77758217,18.13598251,32.86368561,28.16371155,62.25748825,66.07819366,15.87902641,41.35791397,43.16529846,23.84960556,41.52042007,34.73703766,30.12355232,53.56267166,20.75651741,21.84169579,21.91824722,22.51748276,41.09519577,20.69991684,90.86354828,55.64754105,24.71969032,36.72333527,33.13681793,35.57632065,28.98320198,23.15868378,22.96006584
28/09/2018,43.51641464,42.04641724,42.38628006,27.48665237,34.62550735,35.09784317,41.63129044,64.73870087,20.18331146,33.09054947,40.98152542,34.17327118,41.03404617,0,89.88466644,27.12837601,26.38349724,29.68890381,27.58729553,29.63091087,81.54766846,23.60394478,17.53901863,33.24642563,28.00050163,62.81461716,66.15532684,15.86662102,41.50505447,43.19808578,23.72637177,41.66744995,34.49230957,30.08796692,53.26921844,20.68302727,21.80063438,21.40238762,21.95210838,41.20080185,20.31965828,91.09105682,55.39377975,24.53562355,36.59683609,32.89349365,35.96758652,29.66581535,23.12673759,22.35144997
31/10/2018,41.55850601,40.10456085,39.41376495,25.40367508,32.76622391,32.2662735,38.99692535,62.50763321,19.68181419,31.97433853,39.17662811,31.82845116,39.11903381,23.34591103,86.37973785,25.46563911,25.5781002,28.28605652,26.56954575,28.6007576,79.746315,22.47865868,16.82420349,30.94152641,27.61192322,59.38290024,62.2366333,15.14567089,39.41250992,40.6425209,22.11895752,38.90191269,33.10581589,27.87618065,50.63008881,19.21035957,19.9460907,19.79649162,20.09888649,39.13446808,18.71984482,86.71927643,52.34091187,23.15974998,35.69285583,31.94215965,33.13100052,27.62575722,21.85764122,20.88293266
30/11/2018,43.21341705,41.6967659,40.48971558,25.90121269,33.99017715,32.87335205,39.90478134,64.59169769,19.77529907,33.20299911,40.16106796,32.66472626,39.99972534,24.32899284,88.16373444,25.49942589,26.60475731,28.92788315,27.08292961,29.69646454,83.14186859,23.14986801,17.25008774,31.22492409,28.68165779,62.25991058,63.30827332,15.47741318,40.2282486,40.87069702,22.24459839,39.58407211,33.42783737,28.36239052,52.88551331,19.87597084,20.69076729,20.26009941,20.37878227,39.69147873,19.1519928,90.98873138,55.38437271,23.789114,36.88061142,33.0644722,33.72078323,28.93983269,22.18092155,21.34106255
31/12/2018,39.32598877,38.09156799,36.50323868,22.93275642,31.18242264,29.25240517,36.24082184,58.96942139,18.3162365,30.62991142,36.83876038,29.52080727,36.70818329,22.45704269,81.11630249,22.66751862,24.41190147,26.49535942,24.79366112,27.44876671,76.61281586,21.22207451,15.5772438,28.62254715,26.48945808,57.33752823,56.91868591,14.15830612,36.85426331,37.15930557,20.04146576,35.92120361,30.25750351,25.42715645,48.67395401,18.14140511,18.62658119,17.92809868,17.91580582,35.48922729,16.83983994,83.8964386,51.00791931,21.37742996,34.12098694,30.26043892,31.33187866,26.55331421,19.54279709,19.2396965
31/01/2019,40.17265701,41.10720444,39.57027817,25.47569466,33.12779617,32.49702835,38.53419876,63.74331284,19.49317932,32.20374298,39.51420975,32.69422913,39.58551788,23.70568466,86.63848877,24.89260292,25.55004883,28.25062561,26.71135139,29.34601593,80.30818176,23.15880966,17.39101601,31.2864666,28.4198246,60.43455124,62.67488098,15.29675484,39.44543076,39.93155289,22.47651291,38.74730682,33.23987198,28.16074753,51.88251114,19.48728943,20.31659317,19.99598312,19.96315956,38.61822891,18.75676918,89.15401459,54.49058533,23.07748985,37.08506393,32.70294571,33.62791443,28.05712128,21.49937057,21.27058792
28/02/2019,41.43056107,42.39904022,41.18522644,26.52822876,34.37772751,34.16010666,40.19150925,65.14515686,19.85114861,33.40021896,40.88881683,33.3988533,40.96052933,24.58435631,89.14529419,25.68747711,26.58961678,29.06359291,27.02945137,30.30879784,83.77653503,23.67557716,17.61707878,32.55035782,29.01094246,63.2569046,63.8997345,15.91125011,40.96471024,41.47169113,23.15106964,40.32769394,33.85441971,29.09112358,53.82080841,20.28173637,21.08434486,20.93855476,20.79808807,39.1170578,19.92726898,92.94023895,56.40485764,23.43806267,37.75133133,33.52895355,35.33812332,29.7366848,22.0886364,21.56635094
29/03/2019,41.60665131,42.5210228,40.07875061,25.77507019,34.74213791,32.78684235,40.92786407,66.09286499,19.69517517,33.70379639,41.6396637,33.50759888,41.54081726,25.13930702,89.96353912,25.70993805,27.23623085,29.46039391,27.56574821,30.78829193,85.45053864,24.02503014,17.39870453,32.76990509,29.6115303,64.42473602,64.24943542,16.12272072,41.81656647,42.00938034,23.46629143,40.68490601,34.48854065,28.71581268,53.17880249,20.34070206,21.27259636,20.53944397,20.19490433,39.26616669,19.1229763,93.66887665,55.38224411,23.55797386,38.31309891,33.91054153,36.35253906,30.36285782,21.84518814,21.37429619
30/04/2019,42.95194244,43.97645187,41.58068085,26.4355545,36.04674149,34.57003021,42.18273926,67.13472748,19.53277397,34.32064056,43.19755173,34.41633606,43.0269165,25.8510952,92.6025238,26.78890419,27.60648346,30.4585762,28.11780167,31.72701263,87.38321686,24.43220329,17.9913826,34.44133377,30.11420631,65.50829315,66.28240967,16.52642632,42.7718277,43.04085922,24.21539688,42.00275421,35.36235809,30.57372475,55.51964569,21.10280037,22.03737831,21.58039093,20.76059532,40.48350143,20.07527542,95.65703583,56.75134659,24.14959526,38.61865997,34.58265686,37.95661163,31.21661949,22.64375305,21.34098053
31/05/2019,40.18751144,41.17853165,38.3208847,24.0498848,33.96693802,31.14953423,39.05103683,63.35671234,18.27907562,32.28923798,40.54621506,31.86782265,40.41526413,24.3271656,85.77600098,24.36548615,26.15255737,28.05174637,26.11201286,30.54175377,81.98817444,22.99425697,16.57144165,31.74636269,28.8459816,61.90590668,61.74109268,15.48253632,40.01839447,39.62759781,21.97674942,38.39504242,31.82157135,27.47399521,52.36705017,19.30522346,20.46163177,19.80692291,18.99788284,36.95961761,18.31496429,90.33333588,54.35541153,22.20145226,36.24985504,32.12718582,34.10304642,30.08626556,20.40422058,20.21339798
28/06/2019,42.89585876,43.8127594,40.82355881,25.58887482,36.33129883,33.80827332,41.76280975,67.01978302,19.09393883,34.54671478,43.43359756,34.13841248,43.26523972,26.05552673,92.05249023,26.41547203,27.90360069,30.07464409,27.63443184,32.14786911,87.25346375,24.41973495,17.58987617,34.14449692,30.2060051,66.30278015,65.95870209,16.52134705,42.43208313,42.43128586,23.5580864,41.41849899,34.58646011,30.03151703,55.44358444,20.5952816,21.99693298,21.3878994,20.29226875,40.16941833,19.9134655,95.64185333,56.69915771,23.94758987,38.40563583,34.50392532,37.25830841,31.87643623,22.14016533,21.22414398
31/07/2019,43.33130264,44.58384705,41.43671799,25.75566292,36.84489059,34.22803116,42.652668,67.6608963,19.59010506,34.96721649,44.14234543,34.40299988,43.96076584,26.20527077,92.71818542,26.89026833,28.13127518,30.44591522,28.09205818,32.42418289,87.06880188,24.63446236,17.88437271,34.89855576,30.29992867,66.88581848,66.64930725,16.76743317,43.12088394,43.01771545,23.78533173,42.12530136,34.34768295,31.07575417,55.95991135,21.16037369,22.46832275,21.73855209,20.52506828,40.42797852,20.08094406,96.54252625,57.31612778,24.0466671,38.40542984,34.3860054,38.37548828,32.76895523,22.28185463,21.54646301
30/08/2019,42.24528885,43.30492783,39.22362518,24.56398964,36.34081268,32.10519028,42.18588638,66.29776001,19.50014496,34.24769211,43.47218704,32.88892746,43.10756302,26.03680611,90.56388855,25.46682739,27.1204071,29.63364792,27.28376961,32.20503616,85.55456543,24.0217514,16.46794319,34.1121788,30.5608139,66.48439026,62.64487457,16.12983322,42.15845108,41.61784363,22.65117645,40.40070343,32.70376587,29.49973106,54.24201202,20.15094185,21.91096115,20.73018265,19.36107445,38.62728119,18.80017471,94.22921753,54.97259521,22.92066193,37.21860123,32.69890594,36.95275497,32.96510315,20.73316574,20.15470314
30/09/2019,44.14035416,45.15231323,41.26477814,26.07251549,37.46315384,34.04797745,43.39712143,69.24211884,20.42394447,35.01361847,45.00658035,34.4754982,44.73057175,26.43924522,95.15083313,27.01112747,28.6189537,30.68077469,28.3976078,33.4377327,87.72679138,25.10905647,17.50643539,34.84549713,31.62664604,68.76667786,66.64723969,16.84797096,43.37400436,43.21598434,23.84442329,41.99364471,35.00355148,30.9186058,55.44283295,21.24072266,22.52803993,21.63759804,20.30120468,40.84420395,19.71152878,97.92811584,57.06850815,24.40200806,39.3060379,34.85733414,38.54502869,33.08498001,22.26808357,21.74238968
31/10/2019,44.44139099,45.463871,42.05610657,26.47298813,38.20015717,34.67514801,44.25452423,69.84722137,20.37176704,35.39360046,45.84415817,34.96953964,45.50833893,26.8662796,95.2815094,27.37895203,28.93243217,31.31797409,28.83015251,33.60075378,88.26715088,25.24891472,17.77615166,35.5223465,31.81495857,69.6024704,67.83311462,16.77927399,43.90526581,44.07193756,24.33521652,43.07429504,34.92926025,32.23883438,56.32963943,21.57871056,22.76599503,21.83129501,20.73003769,41.28198624,20.2455883,99.52206421,58.6644249,24.59675598,39.21637344,35.13266754,39.16005707,33.24258804,22.66533852,22.21756172
29/11/2019,45.68902969,46.79384232,43.2290535,26.99422646,39.4923172,36.00844574,45.97139359,70.85949707,20.74557686,36.49782944,47.3691597,35.54072952,46.94208908,27.56385612,96.82146454,28.83875465,29.69769287,32.44021225,29.57676506,34.1377449,89.52492523,25.59203148,18.4135704,37.20317459,31.79232788,71.7448349,70.18883514,17.11003304,44.90139389,45.32732773,25.1243515,44.64786911,35.90441513,33.70856094,56.62556076,22.6383667,23.62457657,22.5106926,21.07505226,42.63259506,20.81168747,101.421463,58.38562012,25.40184975,39.97954178,35.7016983,40.27479553,34.42261124,23.41520119,21.90518188
31/12/2019,47.0518074,48.1378212,44.21340561,27.57779121,40.49561691,36.33201599,46.94712448,72.292099,21.12177849,37.36740112,48.80846024,36.40241241,48.35055542,28.4277668,99.46008301,29.62063408,30.37092209,33.61267471,30.76169777,34.745327,92.10554504,26.34797287,18.80700874,38.28165436,32.55950928,73.04206085,72.54166412,17.66446495,46.03284836,46.71324921,25.79124451,45.99362183,37.10081482,35.01545715,57.81879807,23.10156059,24.34322739,22.94692421,21.73523712,44.01519394,21.15625381,103.4319229,59.79628372,25.75122833,41.03409958,36.67583847,41.75485611,34.89044571,24.39375877,22.68468094
31/01/2020,45.50622559,46.5526619,41.55947113,25.76358414,39.88919067,34.53273392,46.25795746,70.33992767,20.5521183,35.98377609,48.04016113,35.39722061,47.50022507,27.86436844,97.67157745,28.52507782,28.78618622,33.15309143,30.51530457,34.58139038,88.30185699,25.75217247,19.01341248,38.59038544,32.32530212,71.13845825,68.96453094,17.30511284,45.3009491,45.38354111,24.42479134,44.77069092,34.9477272,33.57112503,56.7338562,22.31718445,23.89343643,22.3546505,20.72867393,42.16360092,20.32700157,100.4511795,58.22855759,24.58378792,39.37391663,35.43967819,42.04535675,34.61807632,23.31144142,21.69005013
28/02/2020,40.40803909,41.3431015,37.36109924,23.15899658,36.26990128,31.29734612,42.30099869,64.11116791,18.32636452,32.43941498,43.76822281,31.62622833,43.13491821,25.06647301,86.75222778,25.37752342,25.8497715,30.15911102,27.46377182,31.30262184,79.54868317,23.2238102,17.23747444,36.25955582,29.13699722,65.00250244,61.63613892,15.43693161,40.95767593,41.13425446,21.66990662,40.58597946,30.91421127,30.77027321,50.82907867,20.38996315,21.74791718,20.08345222,18.73615456,37.99988174,18.22114372,91.48970032,52.21892929,22.08320045,35.65087891,31.7683773,38.44313431,31.7377243,20.7120285,19.84309959
31/03/2020,39.98709106,33.69394302,29.59864998,17.38130569,31.62300301,24.31145287,37.89801788,53.56792831,11.63103008,28.72867393,37.86032104,23.32469368,36.4139595,22.50730515,70.18081665,20.25897026,21.09787178,25.5757637,22.02659225,26.88698196,68.12086487,18.09565926,9.567388535,32.69010925,24.64261436,56.08164215,46.4348793,12.19765949,35.33127594,34.92002106,17.82595634,33.84503174,22.09875107,25.12061119,43.64077759,17.05640221,18.50996971,15.52780342,14.56771851,29.88059044,13.98234749,77.44989014,45.02339172,17.27386665,28.3332386,23.25417328,34.47252274,28.23545074,14.37306976,13.41772461
30/04/2020,44.40087509,37.36849594,32.97998047,19.72289276,35.30054474,27.2713089,42.05918503,59.00960159,13.83216763,31.77971649,42.29925919,26.25430489,40.74404526,24.75129318,76.95650482,22.86356926,23.65834045,28.54247475,24.93014526,28.93653107,77.84152985,20.48176384,11.37931156,36.85649109,26.95674324,61.83859253,52.95027924,13.45412254,39.4165535,39.15392685,20.33274269,38.50894928,25.38640404,28.55104828,47.96318054,18.96338844,21.01163483,17.74746323,16.78217697,33.61327744,15.90085602,85.27632904,47.20492554,19.27388,31.29681587,26.31691933,37.96069336,30.93179321,17.10426331,14.74549294
29/05/2020,45.32442093,38.34865189,34.06576538,19.95937538,36.59107971,28.33762741,43.7796669,60.22151566,14.1824379,32.8574028,43.76911163,27.22596741,42.19794464,25.21357346,78.77926636,23.91495705,24.02682114,29.51198959,25.62238121,29.82045937,79.88848114,21.19921303,11.76789856,39.55990219,27.79914093,65.07687378,55.37849045,13.66074657,40.79448318,40.84360886,20.77864838,40.24209595,26.09158134,29.58018112,50.89000702,19.57033157,21.95099068,18.62157822,17.13653183,34.30062866,16.88760376,88.08882141,48.38335037,19.69258881,31.73282433,26.54379082,39.21760178,32.62518692,17.52903175,14.65891933
30/06/2020,45.24437332,38.2731781,35.17884064,20.61981583,36.72724152,29.27157974,44.59143829,59.5810051,13.87294579,32.30718231,44.1219902,27.58431435,42.57730865,24.84760094,77.78393555,23.88475037,24.31560516,30.03724098,26.26617241,29.66991234,78.08925629,21.50305367,12.39178467,39.78944016,27.81363678,65.89437103,57.08406448,13.7738142,40.89887238,41.34638214,21.02519226,41.25061798,26.36591339,30.39410591,51.29334641,20.01059914,22.2749424,18.99802399,17.71012878,35.05990219,17.32646179,89.09702301,47.50121689,19.97313499,31.53302956,26.65927315,40.83978653,32.52648926,17.91212273,15.75945854
31/07/2020,46.34859848,39.46444702,35.85824203,21.0043602,38.30964279,29.9922657,46.62174606,61.09266281,14.49023342,32.81566238,45.89492416,28.72344589,44.3524704,25.55719757,80.05809021,24.45575523,25.39906693,30.98475647,26.7220459,30.92246819,80.09081268,22.2556572,12.45871449,42.1818428,28.65351677,69.23066711,58.05103302,13.94726086,42.75657654,43.34275818,21.53989983,43.60723495,26.52884483,31.4081955,52.53620529,20.58336449,23.14788818,19.71673203,18.210186,36.03406143,17.73504829,91.40259552,47.20335388,20.40093422,32.328022,26.8315773,42.63117218,33.95189667,17.89397049,15.70735455
31/08/2020,47.26749039,40.4945755,37.72452164,21.89622688,40.16553879,31.52922058,49.7324791,62.08534622,14.98862934,34.25025177,48.07678223,29.44551659,46.53791809,26.60989571,81.60952759,25.57340431,25.96477127,32.87002563,28.14786911,31.65638542,81.53422546,23.2353878,12.79439545,44.69024658,29.30228233,72.04842377,61.06369019,14.29301548,44.682724,45.56420517,22.4022274,46.27807236,27.36266136,33.10327148,54.20796967,21.69566154,24.42471886,20.6079731,18.97063065,37.51940536,18.58380508,94.13803864,48.83376694,21.233881,32.91625214,27.26233673,44.80433655,36.08522415,18.65344238,16.11158371
30/09/2020,46.33671951,39.47009659,36.60368347,20.68721008,39.12434006,30.1061554,48.77126694,60.30903625,14.26506138,33.70666122,46.69517136,28.36441612,45.18619156,26.15177917,79.49206543,24.81156158,25.2810154,31.90972328,27.10556412,30.97358513,78.26528168,22.54884338,12.58159161,43.52348709,28.90221786,70.9997406,59.24949646,13.87656212,43.48803329,43.96116257,21.62502861,44.52807617,25.76211548,32.38477325,52.0291481,21.05006409,23.75161552,19.39255524,18.22405052,36.82209396,18.10288048,90.92007446,46.41805649,20.7871685,31.88218307,26.46864128,43.08312607,35.7663765,17.96431541,15.18945313
30/10/2020,46.56562042,39.65179443,38.03433228,21.27370453,38.30822372,31.21235466,47.06019974,59.41187286,14.24458408,32.55812836,45.46865845,28.94067574,44.16286469,25.51249313,80.91539764,24.84887123,25.17430687,30.85754013,26.35235977,30.94404984,75.69791412,22.57893753,12.54356098,42.25967789,28.68754768,69.6319046,59.61784363,14.35910988,41.94366837,42.72060013,21.57749748,43.31178665,26.05922508,31.91178894,53.514431,20.62189674,23.25790405,19.56075668,18.76567078,37.02660751,18.55931664,90.97910309,48.53777313,20.49061394,31.58201981,26.66184235,41.35114288,34.91380692,17.90632057,15.50140762
30/11/2020,51.3266449,44.94815445,44.74589539,24.52650642,42.95909119,36.27634048,51.93676376,66.59950256,15.81864643,36.53984451,50.76250839,33.01600266,49.39413834,27.86310387,91.51239014,28.70055008,28.23984909,34.69260406,30.06947136,34.02565765,84.34328461,25.92723846,15.00594711,46.64081573,31.68129158,77.95703125,70.73867035,16.2915554,45.8291626,47.1413269,24.73931122,48.69115448,31.35924339,37.20864868,59.22518921,24.13483429,26.40654564,22.90696144,22.33819771,42.56793594,21.99692154,102.1374817,54.17917633,23.525177,35.80884171,31.08616257,46.80295944,38.42997742,21.35787582,18.18334198
31/12/2020,53.11259079,46.52362442,49.21196747,26.40315056,44.34296417,39.18846512,53.44120789,68.17197418,16.29908371,37.69127274,52.61772537,34.49469757,51.33268738,28.43815231,94.57707977,29.58809471,29.06551552,36.38062668,31.62259674,34.7387619,86.13570404,26.84840393,15.87426567,47.24230957,32.14331818,79.14233398,74.11746979,16.98504066,47.48331451,48.98514938,25.80098724,50.76513672,33.21430969,39.73295212,62.15651321,24.3744545,27.229105,24.25759697,23.96661949,43.8585701,23.63495827,105.2023315,56.96136093,24.18293762,36.77719116,32.40610886,49.08424759,39.32569504,22.32427025,19.61047173
29/01/2021,52.9021759,46.44936752,50.32427979,26.88952637,43.64051819,40.19913864,52.51024628,67.29721832,17.18900299,37.56110382,51.90800476,34.9108963,50.83820343,27.7336483,95.108078,29.61973572,28.68242836,36.56840515,31.6324482,34.23358154,85.1630249,27.01634216,16.12122536,46.55002975,31.8806591,77.51747894,75.19815826,17.08300972,47.54277039,48.94552231,25.99733162,51.3325119,33.10621643,38.88735962,62.05766296,24.84529114,27.23009872,24.38694382,24.55258369,44.23191833,24.01128578,104.5468674,56.95144272,24.69601059,37.51756287,33.04557419,49.62995911,37.92417908,23.152771,19.8956871
26/02/2021,56.29728317,49.68918991,55.62884903,29.21221733,44.81785202,43.36497116,53.15776443,69.50318146,17.74371147,39.7206955,52.66957474,37.40301895,51.91383362,27.78326035,103.3287506,31.47362518,29.98885536,37.75440979,33.18894958,34.95668793,87.99262238,28.65896606,17.93052292,47.10584641,32.16993713,79.75660706,83.98067474,18.40302658,47.75085831,49.81742477,27.44615173,53.01472855,37.67564392,42.42890167,64.66728973,26.24788666,28.71251869,26.14905357,27.05786705,47.35625458,26.65055466,110.0388794,61.50477982,26.99742317,38.71989822,36.22322464,50.65192413,38.73176956,24.84421349,21.60241699
31/03/2021,61.78326416,54.28651428,58.43367004,30.93102074,48.02151108,45.73212051,56.83448792,75.43560791,19.04459381,42.92957687,56.48578262,40.13631058,55.65550232,29.99599838,113.1683273,34.3405304,32.37857437,39.9549408,35.28769684,37.7988205,94.11221313,30.95780373,19.15189934,49.615242,34.71751404,85.84315491,89.24863434,19.99506187,50.87838364,53.0378685,29.37623405,56.01086807,39.46588898,45.37415314,69.2036438,28.0056839,30.18324471,27.71306992,28.16401672,51.03636932,28.31710243,118.0299988,65.12436676,28.67676926,42.41036987,38.5,53.73504639,41.30735397,26.53186035,22.6384716
30/04/2021,64.26863098,56.41593933,59.50886917,31.63586426,49.65306473,46.19815445,58.22505951,77.57627106,19.48744202,43.29138565,58.50506973,41.81942749,57.70840836,30.63999939,117.3141937,35.89305878,33.60563278,41.35669327,36.65789795,39.25185776,94.79656219,32.00434875,19.94023132,51.92473984,36.0931015,89.59493256,92.87325287,20.45499229,52.39060593,54.6897049,30.30305672,57.92202377,40.99334717,47.57852554,72.10765076,29.01050568,31.32592201,28.88356781,28.7898407,52.7319603,29.30620766,122.75,65.88093567,29.84181786,43.85205841,40.20999908,55.14833832,43.00804138,26.9065094,22.94188309
31/05/2021,65.84104919,57.80487823,61.603508,32.65454483,50.55838013,47.48139572,59.24048615,79.03207397,19.93184471,44.37083435,59.55868149,42.74916077,58.81594849,31.13999939,120.0516586,37.03807449,34.031147,42.05260086,37.59122849,40.14756393,97.29589844,32.90138626,20.62819672,52.35190201,36.83499908,91.79425049,96.36267853,21.01433945,53.12682343,55.77434158,31.42521477,59.08663559,42.10422134,48.69567108,72.9379425,29.84719467,31.88728905,29.30430794,29.73654747,54.13008118,29.94234657,125.4100037,66.76691437,30.94212151,44.84746552,41.63999939,56.10380173,43.94744492,27.79716492,23.54184341
30/06/2021,64.42041779,56.49828339,59.94055176,31.83874702,50.36000061,46.38700104,59.60675812,77.9366684,19.89538193,44.02000046,59.92524719,41.90449905,59.00918961,30.94000053,116.6200027,36.25699997,33.18000031,42.2480011,37.68999863,39.77000046,96.52999878,32.54999924,20.49438095,53.62799835,36.47999954,90.62999725,94.84500122,20.59358597,53.77999878,56.13999939,30.97051048,59.54999924,41.22999954,48.04000092,71.34999847,29.38500023,32.19300079,28.97900009,29.26000023,52.95000076,29.09499931,122.2799988,63.65999985,30.20816612,43.96477127,40.09000015,57.31999969,44.07444,27.47599983,23.4398613
30/07/2021,65.30999756,57.22000122,58.70000076,31.44000053,51.68000031,45.29000092,61.29999924,78.80000305,19.81999969,44.02999878,61.40000153,41.84999847,60.23500061,31.61000061,115.6399994,36.00799942,33.47999954,42.63999939,38.09999847,40.54000092,97.25,32.61999893,20.30999947,55.18799973,37.36000061,92.56999969,95.01599884,20.21999931,55.02000046,57.20000076,30.81999969,60.43999863,39.91999817,48.15000153,71.47000122,29.65999985,32.77299881,29.22299957,28.875,52.09000015,29.04000092,123.1200027,62.83000183,29.7670002,43.70000076,39.5,57.86000061,45.35900116,27.22900009,22.84300041
31/08/2021,66.68000031,58.46300125,60.06999969,31.89999962,52.84000015,46.02999878,62.36000061,80.73999786,20.04000092,44.61999893,62.79499817,42.81000137,61.625,32.22000122,118.8700027,36.875,34.04999924,43.34000015,38.69900131,41.38000107,97.30999756,33.16600037,20.70000076,56.53699875,37.84000015,94.30000305,97.4240036,20.38999939,56.24000168,58.5,31.50099945,61.90000153,41.20000076,49.59000015,72.16999817,30.08399963,33.48799896,29.80500031,28.9829998,52.97999954,29.71999931,124.7300034,64.15000153,30.28499985,44.22000122,40.41999817,59.08000183,45.72000122,27.86300087,23.07099915
30/09/2021,64.37000275,56.88999939,57.45100021,30.82999992,50.24000168,44.36999893,58.84000015,76.98000336,19.43000031,42.66999817,59.64500046,41.45000076,58.70999908,30.62999916,114.7200012,35.59600067,32.75999832,41.38000107,37,39.20000076,94.26000214,31.70999908,20.34000015,53.73199844,35.99000168,88.52999878,93.16200256,19.80999947,53.15000153,55.65000153,30.79500008,59.27000046,38.95000076,47.47000122,67.75,29.10000038,31.91399956,28.75,28.35000038,51.09000015,28.27000046,117.5500031,61.65999985,29.62000084,42.33000183,39.11999893,56.47000122,43.19200134,26.82999992,22.00099945
29/10/2021,66.66799927,58.47999954,58.88000107,31.90999985,53.13000107,45.86999893,62.29999924,78.36000061,20.14999962,44.16999817,62.97499847,43.25,61.93000031,31.19000053,118.0199966,37.06800079,33.77999878,43.45299911,38.95999908,41.18999863,98.37999725,32.59000015,21.07999992,57.93700027,37.33100128,93.80000305,96.59300232,20.36000061,56.02999878,58.36000061,31.99500084,62.59000015,39.56000137,50.02000046,70.72000122,29.53000069,33.61399841,29.62000084,29.0890007,52.15000153,29.51000023,123.1600037,64.12999725,29.87000084,43.02999878,40.31000137,57.70000076,45.77999878,26.96100044,22.43600082
30/11/2021,65.26999664,57.26599884,58.18000031,31.22999954,52.36000061,45.11000061,61.84999847,77.01000214,19.87999916,42.70000076,62.08000183,42.22000122,60.99499893,29.87000084,115.0999985,35.89599991,33.06999969,42.84000015,38.29999924,40.15999985,94.68000031,31.97999954,20.06999969,58.57600021,36.79000092,92.15000153,94.13999939,19.62000084,55.79000092,58.00999832,31.0340004,62.36999893,39.13000107,49.22999954,69.73999786,29.90299988,33.40200043,28.68000031,28.40999985,50.45000076,28.81800079,120.6699982,62.88999939,28.90500069,41.77999878,39.27999878,59.59999847,44.56000137,26.31999969,21.26000023
31/12/2021,69.59999847,61.12400055,61.45999908,32.86000061,55.58000183,47.59999847,65.86000061,82.54000092,20.81999969,45.41999817,66.04000092,44.36000061,64.73999786,32.13000107,122.5899963,38.19900131,35.56000137,45.36999893,40.29999924,43.04000092,100.9899979,34.19300079,20.28000069,60.34999847,40.04000092,98.18000031,100.375,21.05999947,59.20000076,61.34000015,32.86100006,65.41999817,42.15000153,51.79000092,73.73000336,31.06999969,35.31499863,30.35000038,29.78000069,53.59000015,30.30400085,129.1199951,66.87999725,30.93199921,45.27999878,42.04999924,62.84999847,47.59500122,27.97900009,22.79100037