Date,EDOW,EQAL,EQWL,EUSA,EWMC,EWSC,GSEW,ISMD,QQEW,QQQE,QQXT,QTEC,RCD,RGI,RHS,RSP,RTM,RYE,RYF,RYH,RYJ,RYT,RYU,UTRN,XNTK
31/12/2002,0,0,0,0,0,0,0,0,0,0,0,0,0,0,0,0,0,0,0,0,0,0,0,0,30225633
31/01/2003,0,0,0,0,0,0,0,0,0,0,0,0,0,0,0,0,0,0,0,0,0,0,0,0,27421618
28/02/2003,0,0,0,0,0,0,0,0,0,0,0,0,0,0,0,0,0,0,0,0,0,0,0,0,27380188
31/03/2003,0,0,0,0,0,0,0,0,0,0,0,0,0,0,0,0,0,0,0,0,0,0,0,0,27325830
30/04/2003,0,0,0,0,0,0,0,0,0,0,0,0,0,0,0,0,0,0,0,0,0,0,0,0,30146435
30/05/2003,0,0,0,0,0,0,0,0,0,0,0,0,0,0,0,106556542,0,0,0,0,0,0,0,0,34874378
30/06/2003,0,0,0,0,0,0,0,0,0,0,0,0,0,0,0,141173751,0,0,0,0,0,0,0,0,34842000
31/07/2003,0,0,0,0,0,0,0,0,0,0,0,0,0,0,0,167959686,0,0,0,0,0,0,0,0,36654000
29/08/2003,0,0,0,0,0,0,0,0,0,0,0,0,0,0,0,175317804,0,0,0,0,0,0,0,0,27360438
30/09/2003,0,0,0,0,0,0,0,0,0,0,0,0,0,0,0,165497953,0,0,0,0,0,0,0,0,22633044
31/10/2003,0,0,0,0,0,0,0,0,0,0,0,0,0,0,0,177130235,0,0,0,0,0,0,0,0,24917007
28/11/2003,0,0,0,0,0,0,0,0,0,0,0,0,0,0,0,180870101,0,0,0,0,0,0,0,0,25497195
31/12/2003,0,0,0,0,0,0,0,0,0,0,0,0,0,0,0,223454912,0,0,0,0,0,0,0,0,26133752
30/01/2004,0,0,0,0,0,0,0,0,0,0,0,0,0,0,0,263446220,0,0,0,0,0,0,0,0,27658305
27/02/2004,0,0,0,0,0,0,0,0,0,0,0,0,0,0,0,282800240,0,0,0,0,0,0,0,0,32138915
31/03/2004,0,0,0,0,0,0,0,0,0,0,0,0,0,0,0,287192260,0,0,0,0,0,0,0,0,31593834
30/04/2004,0,0,0,0,0,0,0,0,0,0,0,0,0,0,0,273048339,0,0,0,0,0,0,0,0,22759813
31/05/2004,0,0,0,0,0,0,0,0,0,0,0,0,0,0,0,319737656,0,0,0,0,0,0,0,0,23658389
30/06/2004,0,0,0,0,0,0,0,0,0,0,0,0,0,0,0,400070375,0,0,0,0,0,0,0,0,24594628
30/07/2004,0,0,0,0,0,0,0,0,0,0,0,0,0,0,0,389176417,0,0,0,0,0,0,0,0,21855255
31/08/2004,0,0,0,0,0,0,0,0,0,0,0,0,0,0,0,374952307,0,0,0,0,0,0,0,0,21041996
30/09/2004,0,0,0,0,0,0,0,0,0,0,0,0,0,0,0,418637906,0,0,0,0,0,0,0,0,24453739
29/10/2004,0,0,0,0,0,0,0,0,0,0,0,0,0,0,0,485632928,0,0,0,0,0,0,0,0,25148938
30/11/2004,0,0,0,0,0,0,0,0,0,0,0,0,0,0,0,664682452,0,0,0,0,0,0,0,0,29139331
31/12/2004,0,0,0,0,0,0,0,0,0,0,0,0,0,0,0,764900545,0,0,0,0,0,0,0,0,30320075
31/01/2005,0,0,0,0,0,0,0,0,0,0,0,0,0,0,0,726748680,0,0,0,0,0,0,0,0,28276988
28/02/2005,0,0,0,0,0,0,0,0,0,0,0,0,0,0,0,765211429,0,0,0,0,0,0,0,0,28243810
31/03/2005,0,0,0,0,0,0,0,0,0,0,0,0,0,0,0,768593446,0,0,0,0,0,0,0,0,24925629
29/04/2005,0,0,0,0,0,0,0,0,0,0,0,0,0,0,0,707986099,0,0,0,0,0,0,0,0,23900758
31/05/2005,0,0,0,0,0,0,0,0,0,0,0,0,0,0,0,824585533,0,0,0,0,0,0,0,0,26219371
30/06/2005,0,0,0,0,0,0,0,0,0,0,0,0,0,0,0,919873716,0,0,0,0,0,0,0,0,30546386
29/07/2005,0,0,0,0,0,0,0,0,0,0,0,0,0,0,0,1015230323,0,0,0,0,0,0,0,0,42325874
31/08/2005,0,0,0,0,0,0,0,0,0,0,0,0,0,0,0,1052734072,0,0,0,0,0,0,0,0,51860303
30/09/2005,0,0,0,0,0,0,0,0,0,0,0,0,0,0,0,1099226809,0,0,0,0,0,0,0,0,52918155
31/10/2005,0,0,0,0,0,0,0,0,0,0,0,0,0,0,0,1071409570,0,0,0,0,0,0,0,0,57129097
30/11/2005,0,0,0,0,0,0,0,0,0,0,0,0,0,0,0,1250380223,0,0,0,0,0,0,0,0,136821407
30/12/2005,0,0,0,0,0,0,0,0,0,0,0,0,0,0,0,1202407000,0,0,0,0,0,0,0,0,161054588
31/01/2006,0,0,0,0,0,0,0,0,0,0,0,0,0,0,0,1435864612,0,0,0,0,0,0,0,0,223316377
28/02/2006,0,0,0,0,0,0,0,0,0,0,0,0,0,0,0,1516592008,0,0,0,0,0,0,0,0,234690564
31/03/2006,0,0,0,0,0,0,0,0,0,0,0,0,0,0,0,1557747533,0,0,0,0,0,0,0,0,261757899
28/04/2006,0,0,0,0,0,0,0,0,0,0,0,0,0,0,0,1622694978,0,0,0,0,0,0,0,0,235427669
31/05/2006,0,0,0,0,0,0,0,0,17558060,0,0,13455036,0,0,0,1586168683,0,0,0,0,0,0,0,0,167370031
30/06/2006,0,0,0,0,0,0,0,0,21205796,0,0,13237535,0,0,0,1583928542,0,0,0,0,0,0,0,0,139962252
31/07/2006,0,0,0,0,0,0,0,0,19916693,0,0,12532533,0,0,0,1558084770,0,0,0,0,0,0,0,0,134709842
31/08/2006,0,0,0,0,0,0,0,0,20888911,0,0,13552536,0,0,0,1614871253,0,0,0,0,0,0,0,0,144172246
29/09/2006,0,0,0,0,0,0,0,0,21699979,0,0,17971545,0,0,0,1657794128,0,0,0,0,0,0,0,0,134671216
31/10/2006,0,0,0,0,0,0,0,0,22475867,0,0,22459539,0,0,0,1759749390,0,0,0,0,0,0,0,0,142943213
30/11/2006,0,0,0,0,0,0,0,0,23442442,0,0,28812041,13916388,7638606,7245003,1834353460,7668378,7942316,14860485,7500796,0,7518524,8449721,0,157304136
29/12/2006,0,0,15367722,0,0,0,0,0,26158101,0,0,27959576,16390977,7595763,7368207,1871236675,11500000,7507430,5078284,7643612,0,7396552,8555000,0,186428702
31/01/2007,0,0,15498012,0,0,0,0,0,26765381,0,0,28112040,33841490,7874013,7501810,2002260628,10709620,7520881,5194179,7994700,0,7435278,8564011,0,185609701
28/02/2007,0,0,15309744,0,0,0,0,0,28584300,0,0,28042040,40429551,7847777,7460876,2084103036,10946789,7464784,5093207,7897258,0,7479129,8878972,0,196419457
30/03/2007,0,0,15485122,0,0,0,0,0,28547425,0,0,27855772,35008000,10623000,7605135,2165987000,9985000,9711000,6300000,9847000,0,7655000,13247000,0,177010368
30/04/2007,0,0,10798477,0,0,0,0,0,18267413,0,0,17722542,56459544,8257714,7862841,2284554890,5674287,8392781,5182171,8515725,0,12952932,9460476,0,185851886
31/05/2007,0,0,11164613,0,0,0,0,0,18769975,0,4229577,18241043,60743186,8730589,7935522,2395664087,5916866,9051322,5309240,31894675,0,13316315,9659242,0,186988159
29/06/2007,0,0,10850019,0,0,0,0,0,18782342,0,4181738,18571417,59078394,8720911,7713768,2373147746,5825684,9129352,5079976,36724797,0,13389859,9136897,0,188810872
31/07/2007,0,0,10620000,0,0,0,0,0,18688240,0,4146289,19665044,47954869,8665997,7417696,2368330489,8525439,8990068,4652723,35410683,0,13002231,8762435,0,192688988
31/08/2007,0,0,10705632,0,0,0,0,0,19205960,0,4293655,19989044,42873805,8626003,7589557,2207900473,8417912,8910775,4669170,35777663,0,13035816,8899494,0,205609662
28/09/2007,0,0,13937819,0,0,0,0,0,22297773,0,2232098,24214296,35490415,8866180,7768047,2220676053,8819274,9598819,7137874,25666571,0,13323052,6040345,0,229190328
31/10/2007,0,0,14259079,0,0,0,0,0,31444613,0,2299569,26246048,28927931,8905247,7902106,2192881905,8913473,10121567,6999820,17382588,0,19312010,6228486,0,247884861
30/11/2007,0,0,13837825,0,0,0,0,0,29192109,0,2186893,23639043,16451404,8630706,7979418,1892243236,8502726,9667833,6486233,17307215,0,17608247,6175795,0,257524588
31/12/2007,0,0,22215409,0,0,0,0,0,30910790,0,2118541,23650043,15551772,8421706,7832325,1684472358,8365202,17130383,6117614,16906504,0,22584771,6111943,0,266255278
31/01/2008,0,0,23142929,0,0,0,0,0,28421188,0,1999204,15176038,23663225,7935060,7289595,1404305638,8013421,15150673,6071994,16456510,0,20353748,5637294,0,241860906
29/02/2008,0,0,22743498,0,0,0,0,0,27172493,0,1887059,14824037,18436451,7803601,7258561,1275854914,7979019,16760571,5514283,21464190,0,20044766,5317937,0,223946630
31/03/2008,0,0,22389193,0,0,0,0,0,23157148,0,1878684,14704037,14700754,13097644,12372740,1274154189,7924915,13131069,5301835,20548659,0,24116280,5294352,0,224692951
30/04/2008,0,0,25922294,0,0,0,0,0,24626804,0,1941837,16336041,7659006,13946704,12567032,1360930060,2754928,14317449,5566142,58280676,0,21209492,5565372,0,237559597
30/05/2008,0,0,26708577,0,0,0,0,0,28158923,0,2015908,17637208,13383096,14528188,12816795,1391532637,2862730,15450742,5394224,59178614,0,22797527,5876185,0,255517937
30/06/2008,0,0,27155023,0,0,0,0,0,25143108,0,3620305,15608039,19705740,7638783,9441882,1252430269,5162455,16136467,4415947,56021743,0,18085808,5681796,0,228870470
31/07/2008,0,0,26979957,0,0,0,0,0,21154315,0,3673788,15000038,6635659,7623098,9693739,1208574818,5233467,13309635,4565125,54269700,0,21985781,5411379,0,257029639
29/08/2008,0,0,30096060,0,0,0,0,0,21334761,0,5524884,17190038,7119018,7859797,9837677,1341804161,5271105,9869605,9480103,55110620,0,22557328,5440984,0,264705742
30/09/2008,0,0,31740402,0,0,0,0,0,20544135,0,6638146,14652033,6568568,6748850,9635775,1096189230,4436287,8018461,8582686,58416652,84239896,11497485,7173437,0,212880399
31/10/2008,0,0,30459730,0,0,0,0,0,16093645,0,5825839,10288026,3722266,7145809,10367839,843416916,5155007,5957551,10705365,48536602,47760188,7495113,4117751,0,153747415
28/11/2008,0,0,34230269,0,0,0,0,0,13114464,0,5810145,9072023,12793540,6714945,9725480,767748281,4773944,5550235,8827833,46645771,35741500,6572862,4181358,0,135504591
31/12/2008,0,0,36589382,0,0,0,0,0,14847787,0,7231846,9416024,13519944,6890064,10003844,806363689,4794498,5222912,8953665,49430800,35642182,6790399,4062902,0,135708918
30/01/2009,0,0,36337018,0,0,0,0,0,14236656,0,5716698,9176023,11851250,6175711,9660003,724829527,4269961,5275403,6988879,35149124,32853084,6621826,6098197,0,114944343
27/02/2009,0,0,32414291,0,0,0,0,0,13535436,0,5330666,8984022,3560319,5248477,8936703,622592648,3821815,4658952,5626654,31587121,28740036,6252127,5398757,0,130383725
31/03/2009,0,0,31278601,0,0,0,0,0,15066099,0,4647640,12880026,4071168,4191432,9315159,674016504,4404186,6397325,6466129,33401782,29885946,7127844,5550105,0,140832425
30/04/2009,0,0,33354918,0,0,0,0,0,19661046,0,5383024,17976030,5360182,11911971,8055827,890080826,5603759,5549014,8909796,37508889,34781159,8245588,5696979,0,174216620
29/05/2009,0,0,36370354,0,0,0,0,0,20391255,0,5563579,21087031,5315319,12074444,8431676,1055419987,18139305,6567267,12078666,40340182,36375803,15408396,5961913,0,181737183
30/06/2009,0,0,36693746,0,0,0,0,0,22943924,0,6347445,21299466,5231892,11945954,8453938,1128597303,26197154,7853738,15348156,41217585,35629298,25600053,8218863,0,197862316
31/07/2009,0,0,37199684,0,0,0,0,0,27682544,0,6143170,28007729,7506577,16807387,9059396,1296288213,38047247,8506514,13735773,77794756,39350085,28062859,8548966,0,208526650
31/08/2009,0,0,37833647,0,0,0,0,0,29410728,0,6347824,30593396,11253452,17670051,9240525,1471302939,43911014,8632234,15685731,93461848,39563527,33088550,8577159,0,220347258
30/09/2009,0,0,39062874,0,0,0,0,0,34434723,0,7732578,37370226,11926412,18550346,9481859,1564621124,43805087,9437435,15042362,98764428,42454977,52095042,8803722,0,234284930
30/10/2009,0,0,38438369,0,0,0,0,0,32651894,0,9675178,42501926,11474293,17889978,9684742,1519145778,41199075,11921762,13994971,73308063,40373538,53968572,8426962,0,226249353
30/11/2009,0,0,40551806,0,0,0,0,0,32551521,0,10205028,66655460,13885541,18971198,9860949,1611631906,35309242,16873530,13528336,98967762,42339020,69246071,8885576,0,241955702
31/12/2009,0,0,41127704,0,0,0,0,0,40366836,0,10578196,86761344,18243458,19517488,9886364,1782316111,34196515,17522769,13773301,68280714,45589608,79934957,11707930,0,256044079
29/01/2010,0,0,36568162,0,0,0,0,0,41075010,0,11997523,103927967,17997947,21003087,9874781,1723941417,36035664,16922017,12581916,68189248,43482131,73362710,11090811,0,241722417
26/02/2010,0,0,36623823,0,0,0,0,0,43313489,0,12566503,112912294,18939819,22119491,10322476,1762792075,38571705,17723344,13019205,69729455,45645390,77181583,11110543,0,225773243
31/03/2010,0,0,38911014,0,0,0,0,0,61957236,0,18234202,169057933,34847383,28610955,10782158,2188404348,41839920,15628713,23353856,81825390,61718884,71000859,11399591,0,236101041
30/04/2010,0,0,38376322,0,0,0,0,0,65664516,0,19644798,202881668,41262203,42458723,10800373,2410700404,39335057,16157196,24219713,73883045,63782248,89580336,11704865,0,232685916
31/05/2010,0,0,34355267,2325135,0,0,0,0,48551075,0,16117022,172888649,34188753,36485162,12791589,2006272889,33762836,11881359,19605513,66650631,59113657,99759775,11237334,0,200807884
30/06/2010,0,0,32273600,2195208,0,0,0,0,46360826,0,15118392,171825275,26727985,33947242,12410505,2028293170,28734366,13516349,18320148,61372215,55260239,101203544,10941518,0,182187915
30/07/2010,0,0,33441886,2347973,0,0,0,0,47915996,0,16208489,193690095,24970454,37178161,13139317,1954230137,29454333,14655917,19752724,61981740,57131167,105856625,11765294,0,190729166
31/08/2010,0,0,28617272,2243551,0,0,0,0,44743388,0,15635228,179232628,23462948,34506150,12794760,1733133500,31021362,13702026,14996889,47070534,51434396,74489913,14275959,0,175598985
30/09/2010,0,0,30036011,2433609,0,0,0,0,56665441,0,17393241,275662055,24547247,40923834,13456041,1994062718,32831180,15270266,16123223,52002743,57814693,84474495,17354045,0,188343196
29/10/2010,0,0,31276224,2528774,0,0,0,0,62039753,0,18089400,334059819,25424874,42104953,13855506,2154259273,34394811,16121876,16509951,53769979,60209488,88759156,17595896,0,203022996
30/11/2010,0,0,31433728,1265795,0,0,0,0,70066133,0,21106370,378467212,26217603,42756468,13695307,2237084142,37486339,17329783,15018247,47429193,60533594,94408419,19713817,0,206285472
31/12/2010,0,0,32787996,1339655,6209026,6326779,0,0,75952674,0,22150586,453400538,27465732,48663358,14275329,3181202171,40912737,21990095,18101481,50271833,63418407,102333006,20387533,0,217974479
31/01/2011,0,0,33093409,1371393,6355965,6265631,0,0,77751954,0,22475748,532873896,27245033,50346342,13931055,3349154377,44797494,27031240,19983344,58066962,67185325,111828288,20584514,0,226499643
28/02/2011,0,0,34233766,1417116,6627353,6603573,0,0,86421816,0,25368072,584060647,24096585,53806476,14665870,3022534365,45867462,40115009,23704986,49936003,72696692,131355546,23371075,0,230984012
31/03/2011,0,0,34311504,1412941,11840697,13514375,0,0,84414396,0,27055454,587197238,24046507,49462357,17884404,3000899534,49868158,109164987,20223530,51179107,77317713,131717085,23593567,0,226798218
29/04/2011,0,0,35673428,1455963,12201042,15529931,0,0,95467894,0,29447401,643664982,25099874,50288525,18917264,3243264098,50927770,124073925,19117683,54118719,78221081,144413580,24502607,0,227330135
31/05/2011,0,0,35341519,1440058,20857720,15286882,0,0,100343263,0,30721990,626564523,25087572,52299103,22606338,3341614994,50255807,61565233,21526757,69732125,76759002,142707665,27898563,0,223086487
30/06/2011,0,0,31745344,2824919,25514729,14941854,0,0,103141830,0,30691437,556129187,27345417,40266027,25161778,3264299263,49357296,45796174,19447830,58440678,74581042,130644013,30141562,0,206119176
29/07/2011,0,0,28256295,2770448,29577987,22506098,0,0,111070264,0,35896349,249400228,29357435,37289947,24617992,3274384754,46781198,47097280,18673474,59174116,74754933,122979888,29410183,0,195818988
31/08/2011,0,0,22328891,5233378,41208169,20288183,0,0,73284305,0,27422391,160932802,22778979,19961015,24126329,2656762756,37559519,44828491,16792511,50127065,68211506,110419660,26900773,0,170247348
30/09/2011,0,0,21012278,6054132,46597551,17933029,0,0,65707378,0,25062819,147606340,20765465,15712646,23098679,2258624019,31786819,33647905,14942204,62227337,60382568,99809902,26028831,0,163571532
31/10/2011,0,0,22884749,2686598,54507494,20635878,0,0,90328147,0,29517842,177158648,19081545,15450345,30507174,3033407112,36770655,35287474,17133205,53195673,70316104,109685325,32417238,0,177705217
30/11/2011,0,0,23032135,2678604,62076784,23397124,0,0,83374673,0,30734627,164227032,25887638,13030313,27955137,2771514899,34226510,35831286,15388428,46211130,82065808,104095991,32784003,0,168131982
30/12/2011,0,0,23177495,121424496,49242397,17605274,0,0,73536931,0,30155901,149655149,25952433,13002977,28433890,2640070984,33727557,33783355,15596846,46556858,82450825,102372674,33305282,0,155309298
31/01/2012,0,0,23901913,132769956,52280995,18935436,0,0,91754490,0,34122421,162418487,45118824,30573470,31350236,2918391378,37214288,35107657,15430016,95510604,88329367,103420616,48192718,0,166267914
29/02/2012,0,0,24774401,128277558,54598343,19281650,0,0,91836699,0,35524913,175637284,58139988,43043916,32331241,3081645310,37462492,37340242,14933309,97687653,83485705,131110346,49237411,0,183947071
30/03/2012,0,0,25271119,131783192,56854800,19659367,0,0,98334279,4001259,36173573,177991347,62899178,34454633,36337066,3181561631,37671800,35215401,15613674,135648800,83383344,149623103,43675121,0,192655754
30/04/2012,0,0,25326027,126446911,56553583,19184802,0,0,96566926,3929806,36266641,170098166,60527193,36940412,36570766,3071574053,37672199,35260677,15348375,70695815,85040373,144342127,44155118,0,186115180
31/05/2012,0,0,25564829,121508270,45977023,17789002,0,0,83429682,3592493,33906742,141006639,51366689,26558712,42430112,2805589060,31172506,25170111,14110368,74743589,78243037,131840641,43964771,0,162296842
29/06/2012,0,0,26455443,138817905,47343452,18750342,0,0,85088247,3720204,38626837,137568622,41840142,21643031,47499739,2819427839,32317510,23219643,14673984,66613721,79884546,134201221,48561546,0,166652880
31/07/2012,0,0,26893148,142155265,47178648,16869839,0,0,79169856,3678207,36925242,132729971,46360853,21844220,50375116,2748363781,32050256,24358606,14611657,90756025,82349952,122757286,51088513,0,167880489
31/08/2012,0,0,25669149,145468996,50310880,14157708,0,0,80763941,5718757,37162431,131944316,43211979,19463437,44587461,2733588599,32466986,25136760,13772796,115686168,84138982,129045518,47205160,0,175070334
28/09/2012,0,0,25860850,143754903,51341517,14772232,0,0,81603305,3843457,39049912,123888774,44412832,19632885,48285761,2836483577,33735404,32267218,14087631,97224542,84876185,123381607,48199161,0,170312673
31/10/2012,0,0,25593445,145721108,52616430,14317638,0,0,78940382,1859855,38587206,111704665,41314208,17081655,40944296,2795731217,33387762,32003675,14338517,38418701,84718831,100479060,42363472,0,157262681
30/11/2012,0,0,25425078,148171873,52019779,14330560,0,0,81165221,1912470,39468276,113129685,42344204,17380747,42157833,2696847373,28215658,28584829,14211148,58504792,86573465,88068401,38094545,0,165322292
31/12/2012,0,0,25646170,150097991,52831385,13072024,0,0,84813438,1938476,41981048,106006268,42463181,17789965,41520718,3137380653,29248284,28985548,13184279,63013431,101506321,91540186,37704124,0,163821636
31/01/2013,0,0,27083872,159613959,56456794,13811862,0,0,108409212,2065367,49926202,108915421,45357413,22053769,43762319,3855061658,33765416,31628662,15699450,97729229,110815241,87944805,39411432,0,171874715
28/02/2013,0,0,21788307,153480354,57130503,13902936,0,0,115953331,2076314,50448310,112865460,45560269,22356802,49676333,4049059051,36747238,31775919,19118238,59579088,116433355,92153842,39879477,0,172769618
29/03/2013,0,0,24241978,158485386,59580443,14529410,0,0,123633569,4325386,54528478,113046283,47782655,36179883,68699740,4305492132,37284237,32692332,26603404,111710594,125424908,95080440,44669692,0,176059071
30/04/2013,0,0,27873541,158155479,60045962,14488280,0,0,130431990,4408402,56368529,113049872,52783521,32542337,83016146,3717987618,33498101,35386342,32303629,113646550,111054421,92557237,57823039,0,175141739
31/05/2013,0,0,28764463,161459005,61572146,15138513,0,0,140327443,4537474,62194946,118483064,61230140,34153347,73736743,4135334593,37725326,33050457,56599936,127591797,118241929,133748272,59581610,0,182493013
28/06/2013,0,0,28477715,160221200,64564787,15144508,0,0,141481572,4476268,60043704,125238868,64620914,46434202,69386917,4098398202,35903713,35536408,66629173,131545553,121507799,182539438,49906358,0,178028697
31/07/2013,0,0,31799693,184943485,68615875,20373549,0,0,168724378,7168980,67151295,133964545,75558565,49082504,72520794,4712944040,38087834,37178458,79140757,139592486,147776145,227698675,52092240,0,183395774
30/08/2013,0,0,30600663,179830286,66923657,19705270,0,0,185509221,7075029,70290245,132859623,70360844,48010390,77840388,4669456929,37911991,37096529,78755738,145378380,148865778,228881117,49572108,0,184844276
30/09/2013,0,0,31277693,175854545,69762594,25169636,0,0,446304162,7506510,74487541,147674759,73148742,58121374,83222214,5210682683,43028863,37869785,55958586,186369113,164752315,254745440,49567608,0,191987344
31/10/2013,0,0,34411192,204446650,76904315,25735975,0,0,261646028,7672098,79847109,151455672,125497035,57250517,84054496,5663769080,49068575,43923694,58336729,130627397,193958841,273275311,51737956,0,197731313
29/11/2013,0,0,37311766,192721248,77795236,26722661,0,0,266861123,23474583,84843969,163378093,141322637,67105881,89383072,6033171489,53592826,43620412,62119250,135968331,206651635,296594677,50562659,0,203317740
31/12/2013,0,0,37774764,140895865,91008554,31857169,0,0,288940405,24357056,90394389,177161727,156547071,77778835,90222054,6581270793,51868262,48428694,71396696,143453478,237282635,342916734,50658818,0,215672524
31/01/2014,0,0,36210192,132272802,91900917,30984426,0,0,296938171,23981399,91850893,191779065,109006041,86630064,96010110,6390986766,56824298,50130409,76578278,185458368,255386607,394191354,51257450,0,212714974
28/02/2014,0,0,37737511,142477798,106908356,32342434,0,0,498536322,28566329,98760113,215901384,105358926,90712268,109734004,6791395894,56363226,116778884,97390936,226737112,282861832,488415121,59752031,0,223381377
31/03/2014,0,0,38486054,150966003,109089397,37014505,0,0,409464886,30330954,93417786,218677550,102295887,91093437,111676722,7085791400,81359377,131650083,99185738,181856679,294484960,577250641,61816487,0,221967913
30/04/2014,0,0,40770396,151850752,113645432,35596672,0,0,383652815,32480171,91938275,219192946,88892697,104618058,118106718,7316805256,86089930,164815700,124559973,190879389,292711723,546245480,75592964,0,215825769
30/05/2014,0,0,41685518,76683553,127823663,35621279,0,0,398153900,33711163,91370911,217862986,86978561,111042444,159983594,7794116723,87204004,286013678,100105461,186875167,296198540,490405633,93422593,0,219854993
30/06/2014,0,0,42315742,71437525,142800341,42132466,0,0,422581142,14480537,93728980,229531220,88904736,116838595,159860305,8164203294,102383529,249868725,102225833,197480984,309549278,527436937,179132993,0,224295838
31/07/2014,0,0,41544338,60075077,134745237,39331564,0,0,424042619,25919151,91499994,233805973,87600966,99984154,148527756,8124559738,82714629,299839423,98282906,223829644,263008383,569631190,117319899,0,224437794
29/08/2014,0,0,43225483,47391797,146448026,41243227,0,0,454513142,27163829,96144360,254358400,104049341,104379226,142253435,8735914133,81765556,250336518,116932124,323399405,267054296,605842478,85255003,0,233258270
30/09/2014,0,0,42397257,46425447,142833351,38335770,0,0,459938895,26754819,92357605,271361866,108420046,106397487,146140457,8677339325,79294457,211853264,132984778,335072616,255286998,620346380,82413769,0,227604135
31/10/2014,0,0,41183622,62667068,146124982,40380477,0,0,472609914,33754968,99826639,304349841,86897159,123447484,186381970,8976197068,74138499,100306860,136315653,391713986,258152297,671220778,141875484,0,223587668
28/11/2014,0,0,42526720,62104064,155395992,46287518,0,0,546466141,41927738,112291810,347195322,91963760,135329979,205976808,9663962576,67463527,97710439,143622749,429475887,257631318,740754073,170747733,0,233645844
31/12/2014,0,2497399,42325785,61654508,157001016,43109948,0,0,577818432,47747003,117192743,366863091,114898271,121708432,229780306,10164287165,58717952,125030637,156440349,441912578,265182708,785058636,243597724,0,232215884
30/01/2015,0,17101486,40913592,53493063,153741074,43110211,0,0,571456440,58529380,117268979,349549108,132465348,125013531,223751302,10404123531,58042152,125017114,166140984,481769024,250189488,738810524,287120023,0,294760146
27/02/2015,0,160355295,43034214,49810708,157657690,45684565,0,0,648813986,69666669,138360869,367665696,174085050,132466554,279377122,11129020190,76884214,145715076,151773733,523285791,271555212,902899580,290500820,0,383258841
31/03/2015,0,157980180,42186766,48866698,159155940,46116869,0,0,645772104,81444706,140677393,353620845,201034665,139011018,275068626,11197747097,81258993,144850888,149211327,659318024,267195719,919056517,174692772,0,365869439
30/04/2015,0,155338774,42248612,49293810,157426295,55007228,0,0,651714056,75631935,144167398,352023161,197044416,138104014,266618256,11473898362,83998779,174707752,176636245,687864710,266463258,919599948,141410313,0,377130695
29/05/2015,0,152458838,40838659,49951635,158513523,54914563,0,0,695474063,80420531,147589281,362009809,194337305,129462312,259364189,11379476081,98059979,169905023,178577500,735319641,270612900,974081522,133738794,0,386805776
30/06/2015,0,154344603,39855002,51005693,153892385,57333579,0,0,646577638,84527261,148431168,337058662,203338434,125975512,259248771,11066970101,90023483,160704997,208804764,797890680,267867284,961473532,114293668,0,412108273
31/07/2015,0,157956778,40621825,54280818,152995525,46148920,0,0,635224194,89934162,162762170,324370954,217030243,117044843,301544448,10981121951,82058255,140953754,225908247,883288117,266865414,857817923,116138586,0,435140782
31/08/2015,0,153676097,36140748,55257289,138441439,43840088,0,0,552875025,74587680,151105600,290619104,195313318,107199740,308119725,9708939066,70461357,176614943,206353063,826848829,240495195,693486839,123079511,0,419593791
30/09/2015,0,147620248,33146211,44728690,136029240,41057214,0,0,528790718,80841459,141855359,275600086,168830745,98890135,339895517,9023130832,60979058,160902191,160909389,576356185,222913139,656108071,124901823,0,414236723
30/10/2015,0,149083106,37751218,47880604,132531589,43930078,0,0,564616202,84744416,167973326,298656338,176001047,93830534,530872396,9799541838,55982123,176772648,183620350,569893108,231335321,740628669,128258319,0,462741933
30/11/2015,0,118664603,37882602,43664742,130386336,45082949,0,0,552059581,85184016,178564656,309241680,176634469,99284654,543010976,9832780771,56257087,172486530,222465255,550265921,234944717,818382986,132895659,0,475662419
31/12/2015,0,115340312,34932376,42164201,120862426,42247258,0,0,532652354,87614144,184438343,302720024,152516912,91027386,481123589,9613961944,53276545,160090382,205307563,591028439,207494254,918727138,123031280,0,474125415
29/01/2016,0,110183942,32983052,39449750,110476171,38021114,0,0,433683150,80564203,163304254,272000081,96906429,82052726,485165554,8438726134,47837381,152952403,147918366,479367449,178402138,668418893,127220112,0,430976705
29/02/2016,0,111935656,33055010,33821614,80906630,34839582,0,0,383519151,77555740,152856306,268825114,91340537,77566248,604847302,8209127043,51972778,151316634,139222032,474789183,168852474,622290833,181589200,0,428151119
31/03/2016,0,120500021,35243420,47129040,87897654,37883208,0,0,399171810,78611304,159691734,283365006,97695818,65684278,675324267,8968584678,52204841,183930105,141654099,490780175,180521921,661212809,211922744,0,492412138
29/04/2016,0,43818695,33804455,56564271,84688290,38990202,0,0,380012252,61501369,154408774,265911975,90845188,106203669,729657775,9341991207,81146899,211673312,145372067,526019193,179604808,670686103,240755991,0,490794071
31/05/2016,0,51764513,34325230,55220528,86108780,39222522,0,0,386275497,63915409,145628717,270368788,89750796,116122017,742981058,9440595716,88853726,224912162,162890569,490870606,178007609,687331296,268526759,0,509409129
30/06/2016,0,60675348,32067721,57160924,83344868,39271262,0,0,369655301,59410510,132181880,258159329,83956244,109998713,812439172,9598667649,83761746,235515118,157728779,490275305,173779780,690954528,288986372,0,489476965
29/07/2016,0,74834697,31146503,73533630,92701374,41359076,0,0,387507502,63363931,134106928,268361824,80335086,119787270,818378376,9998821031,101207938,231078874,149146916,534696740,178488790,738091030,309381879,0,526403548
31/08/2016,0,86320374,31262444,73673829,93637366,37569391,0,0,381818464,63918317,127577044,302536114,79577314,111987942,751919804,10099793184,100642840,219747271,147804042,537820863,180784275,757987955,249625634,0,544235373
30/09/2016,0,104816779,31173835,73544422,92872292,37890729,0,0,374867674,74849524,117337858,351167892,78247912,121163381,673606369,10077949693,99753253,200950295,107750791,512628646,181763342,827904275,222882987,0,548023419
31/10/2016,0,115483692,30750974,73913149,89943749,33977986,0,0,379563929,83589368,110404319,404724301,68323237,127287891,613660604,9959670618,84463326,199163658,114649499,474493765,172680691,915878699,210864727,0,545336825
30/11/2016,0,148383767,32196520,89470532,98375651,36018668,0,0,392702752,92867000,107679628,1525977228,81275810,124105623,541935130,11075223830,132529139,254446289,182187927,472931609,186781995,896242557,182993494,0,558617883
30/12/2016,0,172010915,32436357,94596266,109068432,32429709,0,0,404030901,99675909,103114351,1570802471,92793688,183301159,507601978,11786795396,150232872,307427257,353567416,466959556,187063015,949090207,161593194,0,562948891
31/01/2017,0,191470216,33235435,104185124,122477912,32099241,0,0,423288505,98363101,95916713,1700309715,85857267,188638190,507778443,12494670830,153383728,309184591,366431551,483589970,189952225,1008562914,164618729,0,610910547
28/02/2017,0,226222318,34524807,130026056,130705015,32346737,0,2463356,451754899,109605399,99389926,1815552451,82192817,216175538,529228059,12973875992,162432153,280649453,399768475,504926204,194015409,1101344642,170426597,0,645129777
31/03/2017,0,266632607,36866863,134402418,124046790,32220478,0,18496690,464132650,115194749,100512257,1908527237,83369659,203632619,510414655,13145867169,148006122,239648952,397695048,527460358,195879914,1201352754,189893547,0,655898527
28/04/2017,0,279035788,39703431,128016671,121888271,34894672,0,19877139,514262658,128963865,102216880,1981062832,88892471,205243049,504385530,13326699047,154771537,216879638,287716543,573963128,193155172,1327241887,186919687,0,685536060
31/05/2017,0,304411316,42668761,128887643,120412715,33822220,0,21883756,557818951,155306748,101682412,2159364859,83018680,186102861,527601822,13366159382,145008546,193923550,271285727,592249003,191383960,1412044624,210035121,0,720082710
30/06/2017,0,317663289,45428120,132460154,122238387,35001942,0,22494368,560074922,143014050,101473662,2053475189,83415082,204653577,511802785,13526180251,122323447,192529768,288047388,626088353,193862407,1392040960,199272704,0,711636238
31/07/2017,0,284868987,46314128,137002338,120154341,35030314,0,23871704,563219393,157582606,102023343,2027508595,83666852,215734326,504208449,13749769253,115114856,200437484,327019902,714067665,195521763,1346661387,197401771,0,744676662
31/08/2017,1985188,290547033,48911754,135945696,111539722,34021101,0,24699061,532449781,159507047,98368196,2032137258,77160565,188049674,481640151,13485059189,145496387,177106042,333818396,719985412,185801406,1338625365,201292488,0,767186423
29/09/2017,2024824,308417833,49957258,139050293,116340864,31572222,12332727,26135907,519599562,157250757,98421008,2108935007,79109467,190452913,472098807,13768093563,145409953,233898636,327941770,657089960,193898952,1410980454,189820654,0,782588773
31/10/2017,2096710,315494793,53365680,130057513,114691942,31665550,18731613,30068785,517594376,144561237,96873203,2253890197,72965224,226584005,444091874,14226624836,194020069,230747151,358495748,650617453,189265026,1509832746,168180130,0,833099907
30/11/2017,2172489,334980921,57547707,134910305,118755409,30112772,17232467,29499186,529245978,145694341,100456187,2241094661,73239167,225103281,462578585,14778527307,207981268,245917127,359932831,666654926,193043370,1553546944,172624700,0,845621450
29/12/2017,2200186,362409960,58047960,133054774,115827019,29938657,17324575,28958762,529623381,146581393,101912366,2200674844,74846853,259017978,467309320,15003333613,242029731,258884157,378883047,680890376,191920949,1494000075,167338473,0,837669790
31/01/2018,2305754,399526276,60778808,147735742,118711346,30472526,22688174,31189740,569057161,162143536,109291379,2372570712,89447919,296488172,483257588,15643963025,295609139,283086030,441960159,713904888,195930394,1607498401,142774489,0,936453796
28/02/2018,3302578,394408992,60629065,144352297,109691188,31882367,32567321,28543094,552107186,152865152,104367476,2397678271,90593880,296092428,454857671,14831062415,252757886,253572985,444852513,660985836,185578976,1634666244,132844128,0,956320486
30/03/2018,4272215,401486023,59441007,142968812,107144517,32416606,32186711,36623306,527580334,153739709,96628440,2424576972,88280026,303384699,455243967,14578638235,233636035,252489606,447299373,634967301,180774330,1627111631,136120986,0,917561088
30/04/2018,9711858,342741631,60232148,156962603,104438082,30207568,45116651,37167248,530990143,156569760,91284450,2395187792,84278836,287512863,417757568,14616056957,180725901,277316689,441558329,598914195,183958126,1622612539,139433610,0,917391938
31/05/2018,9808662,424664776,60917686,156728342,108790736,32280691,45851961,43638796,545731248,158695400,90123902,2561739668,90545025,282315519,388994356,14801518119,184381396,269608466,432281508,603871313,187540446,1713433481,142256038,0,974643386
29/06/2018,10838683,428943713,61279714,163271739,102955706,32612017,57013178,45373944,553367374,164440478,89965950,2511885289,119057960,275154568,474718557,14942501555,183635886,280458004,417254841,603185697,188164492,1750960678,144895796,0,974884839
31/07/2018,5669419,452864174,63406547,182586715,104596912,42572721,61125451,50569276,577948464,195517190,93061665,2636757688,141185936,277099329,479281634,15603203305,171377144,382067935,413366669,646871514,192068213,1761978370,143150694,0,978419644
31/08/2018,5832586,472881582,64328014,192821386,107650909,44305833,76437801,55718727,580870478,197408019,94937243,2660001046,117095630,281769612,518671667,15810615862,163395182,295268182,411391347,713434493,200549109,1906197963,146040972,0,997588001
28/09/2018,5901813,475759671,64471248,200482160,105808019,42708039,80760808,55868806,581675991,198855781,95526195,2618768457,117009698,277376886,513445762,16083946524,157596059,300868645,391518881,751569664,194748511,1870430526,140461747,2461425,984375056
31/10/2018,7930469,443521351,60204221,195879001,98949021,38227962,76960629,54051468,505324930,177410722,83059288,2220955466,93571068,257111751,514165436,14780330902,129130161,261616026,353935415,701676650,173731064,1570370792,147525581,2269919,852295372
30/11/2018,51577674,451663022,61702801,217675023,101581931,38596872,76658326,50788227,518806728,187686649,85569820,2239929808,90274330,217436862,533950976,14753649664,134838155,210808144,348290191,739541288,173755367,1517736085,268818860,2305445,727083925
31/12/2018,12858668,481547192,56050216,197508543,89155180,31262324,85094878,44726331,461456797,156674189,77616767,1950637929,62946384,160272566,430931186,13168891701,113523765,170579421,270879034,648536587,143313198,1380689522,266489370,2135737,335014178
31/01/2019,13592042,386182006,58091134,228442928,96475222,35036445,132255571,51433964,538640828,167836350,86372625,2099456971,69380013,166430563,400055031,14588513489,117008690,211578283,290879555,689334980,161524749,1455405325,310209731,3492841,381093722
28/02/2019,14134011,466562195,59920201,245984286,100401841,36704328,103299975,55115657,681641990,183512171,88523574,2285867094,108115766,193376796,419246498,15361911072,126369609,203492595,298236120,720088666,166750518,1574440322,331472517,7498476,399226826
29/03/2019,14202368,477232585,60384812,246698966,102048214,35223900,112863488,78963038,736282754,203606884,89684117,2386411795,109137759,180400643,406831256,15560295320,126649327,200036262,270107832,740898592,167359215,1659399516,338897861,7607901,418631025
30/04/2019,17012375,586063310,59748726,264898003,105892950,36287299,119462080,87246252,791579133,235942956,91992828,2643523827,113239441,245750269,431836507,16143960519,129727569,209822888,291144514,706844998,173156059,1788846196,335498718,18458543,443712239
31/05/2019,22806334,541532782,55653551,257968957,96162173,32595943,123155582,79645096,675844887,224400160,88833099,2284773412,87633972,237906038,417740400,15090570373,118109876,160572778,270927842,654359568,156692263,1624881378,322026069,21787853,397033358
28/06/2019,57358432,611535157,59474727,282046408,103385596,34893427,133702392,86587081,773652924,225984328,95698347,2433812298,83826911,214203949,475362006,16142864648,137221990,162637444,281992518,760492350,167142939,1712530519,355550780,25583632,428679696
31/07/2019,68992690,585130970,60200879,291101498,103766767,29671155,140176594,86816819,792316108,229522447,93411068,2526214380,84351210,221462932,475576879,16280437660,137774147,147685621,288910154,734865627,164645104,1752658387,366303860,27024468,363216506
30/08/2019,27672740,562505439,58980295,308091969,97571231,27989009,168989007,96150775,686628300,211517190,90969086,2445300462,79494241,202404025,447942043,15564911756,136582553,125888297,255347923,695523676,150506142,1624290134,382140198,30678501,357825196
30/09/2019,49012843,570522064,60014454,318916925,85495202,29321228,177370057,93474333,673250140,210035380,93500105,2481150183,83569004,189618683,477075458,15851591660,141766410,126575205,255276061,695929023,151952762,1654488104,399956465,31522329,363572765
31/10/2019,43318776,564857892,61268960,335139042,86334255,29654549,184130055,92369790,695632591,215562565,97335255,2470798852,90031664,188000785,485740929,16104795529,136320970,124889290,257665361,728856040,151504649,1671999139,394954625,32316027,371621386
29/11/2019,43557372,583424493,63542658,347827092,82129870,30510769,196364420,99212716,845748494,234030830,99894097,2686005353,108525663,242016592,506184196,16583948548,140949140,126421184,268990305,780276236,155261401,1755278147,397299563,40095853,383278250
31/12/2019,43076435,595128392,64848141,360993331,84433553,31380766,215636606,89092195,907423364,239002488,102181320,2912342821,105802295,243889136,511197100,16770205344,145119647,134131542,276757114,774930407,162459116,1823064242,382934794,47331719,390135056
31/01/2020,26883375,574068304,60730598,363129894,81152708,29437129,229416519,90336549,955654331,244622991,102017469,2931644768,96369307,241780010,493167623,16383290904,135568390,113576694,269079224,772322416,151585203,1786670279,404528187,50810791,362735374
28/02/2020,14993181,519030699,55477862,337384374,67309628,26402136,214411004,84032467,827167735,231449146,96970075,2686873962,72019571,207891625,451159320,14704648275,118554595,89820694,239739466,715302012,134291575,1634384606,371881110,45713515,336449371
31/03/2020,40433560,369293131,47773598,251924246,47459326,18105704,189512755,67340908,641692773,201957546,86361576,2001076441,40172607,142740608,439857601,10440517162,90152795,40005394,157106544,653293664,85387371,1379625648,301384959,37101972,292682774
30/04/2020,29192349,384015492,53603785,175282897,53095400,21315553,237540088,68558629,730099983,223420045,100327143,2221464465,49028430,142272552,481080350,10943870113,108479504,116394978,161202539,706437275,101603683,1529343139,300012654,41911624,335226815
29/05/2020,24530400,402285233,58596905,206123996,59650985,21965096,266734024,71509276,782282684,240065339,103796609,2413177857,52102334,133885126,490506841,11236754854,115366947,79372349,158174921,746945853,105311796,1613454870,271336059,44766810,368891667
30/06/2020,39558722,403761972,59172318,208518688,63806208,23247139,283142197,71421223,846532770,282623589,103686904,2637192390,66546747,173646199,514962736,12154437647,117199266,93912966,154508725,688551366,110121285,1654619688,245573052,43280985,400465295
31/07/2020,37755504,415458242,61201906,216282101,66072670,23999051,296025579,70296774,895880981,291471699,108926207,2857516182,98277770,296798210,536143129,12565559589,149490003,104352775,153380919,739079793,111579627,1716607885,258382053,43474561,442934084
31/08/2020,40056818,475339209,62042053,226064060,72035791,25230919,320433038,72438790,956699474,311724748,111833321,3018726739,118585264,321253348,557068491,13135239834,170314090,97701536,152102787,736461094,109223036,1873344442,242172456,46861672,517679850
30/09/2020,40173954,448692629,59786039,220118754,68885113,21501363,332437138,61374811,924865725,286590363,119717055,2774023902,220839314,322900681,506694470,12980399227,180884986,77650397,142574344,706479848,102327814,1842703072,231039460,50869969,501653007
30/10/2020,36041281,449925846,61279136,219000700,71011363,22030789,354476974,62625051,883865071,274199245,116493258,2831419149,281449913,362292578,475253189,13603510649,202044776,39728620,143746907,697154074,102486078,1813961102,242912591,53649893,490907293
30/11/2020,46012583,517068794,68521167,267274959,81375297,26663727,437190451,85969363,1112402751,333783823,144343571,3187316132,301404196,379415710,508764131,16007949108,384150653,55389166,161592145,732862490,117709117,2141528677,225619150,58424038,572017266
31/12/2020,71991331,553086436,70563771,285193284,86553719,28997213,537718084,92894776,1175215042,371834810,146929397,3349757266,316682939,415371060,495205215,18181858684,443279361,61847646,173290490,771796769,124933883,2366950066,221378658,56031229,671405534
29/01/2021,57559609,559437099,70325093,282450844,91000394,33922125,545971112,97219564,1191985843,370873278,145819166,3253685455,367912380,408415059,471740062,18955526612,449755231,82880504,190424602,778259773,123454989,2345150990,205472564,57882451,680073322
26/02/2021,59683768,598195446,73843990,334752470,97846895,38859186,573039034,105608072,1234337450,364852383,137395439,3367034810,475323822,388018809,448363899,20785918141,569734285,107287565,257090842,754367834,131218830,2456982796,188534099,56580980,738135262
31/03/2021,78241144,642682688,80343939,379508447,105655995,55823900,681143641,112984200,1238407254,361382143,140417024,3343380744,871823994,457906198,454087386,24274284550,637638646,150971698,322417313,776983389,134269703,2491344117,202537220,61149385,661638736
30/04/2021,97624122,645518019,89616216,414956975,112078463,58456908,764218994,115801673,1277961662,374544306,145900470,3435667561,973434015,516826035,477162872,26551868849,611749514,156462069,373505726,813522145,141223672,2592733745,208551155,65279663,686967593
31/05/2021,107293721,663236441,93598366,437573303,138220933,61833308,750496654,118543001,1201344230,362133774,142008902,3346514043,925403433,604949569,485319704,28646754647,629495625,182355245,442719658,827871158,139712711,2594586977,206557036,65516245,670399591
30/06/2021,107008833,665635867,97432920,447847779,136157705,63666731,775949038,121133604,1284150496,380119998,146697382,3578083794,897177872,606064972,475092656,28553156522,595220803,206910991,440200445,860428438,141052493,2705624427,202199717,66970597,711479115
30/07/2021,108118185,609390357,98775168,458012460,130171286,63531364,806122783,118296830,1313223053,408362387,148857441,3694022214,816103785,518057230,481958466,28615589468,490682379,178339128,385897076,937474726,135228901,2801679034,205253359,71224722,709675878
31/08/2021,114302856,673641015,101160243,499377936,125928161,64579812,857504096,121924492,1362938394,422790029,152066120,3884020046,765276077,494083230,490537934,29707268470,482327781,173354372,412556861,993758961,136639759,2860341725,213029121,77335331,727032727
30/09/2021,116725385,650601405,99133608,451543110,121263665,76750350,825506464,116665799,1301525792,405949963,145469400,3657711312,687819472,446776540,452647660,28479168425,437848573,182675125,407385491,974504262,135272763,2713741417,230899745,79062717,695960489
29/10/2021,128098660,687113617,110991701,495150077,130149730,74149085,902693691,121381992,1383276425,432264174,151069577,3932246484,567551595,444746241,454750781,30620122525,446561065,263247642,492572128,1001595389,140636942,2861615554,251107401,84354444,738358423
30/11/2021,124714234,610305635,108556658,510465739,126096296,71736309,907412186,124656016,1359459604,433539068,144847381,4004362369,503224167,478381679,429687614,29854402487,443299102,256659411,487363549,907737561,135176458,2817862064,203240483,84860465,757242378
31/12/2021,138038427,696527098,118243786,514312203,134493736,75023639,932725994,124441516,1391370369,426401499,137130516,4049682155,482157895,499978696,471810535,32038787126,477102188,263705236,497418014,998808932,139798277,2957885407,228329631,76583558,749345821