Date,CALF,EES,EPS,EZM,FNDA,FNDB,FNDX,IUS,IUSS,PRF,PRFZ,RWJ,RWK,RWL
31/12/2002,0,0,0,0,0,0,0,0,0,0,0,0,0,0
31/01/2003,0,0,0,0,0,0,0,0,0,0,0,0,0,0
28/02/2003,0,0,0,0,0,0,0,0,0,0,0,0,0,0
31/03/2003,0,0,0,0,0,0,0,0,0,0,0,0,0,0
30/04/2003,0,0,0,0,0,0,0,0,0,0,0,0,0,0
30/05/2003,0,0,0,0,0,0,0,0,0,0,0,0,0,0
30/06/2003,0,0,0,0,0,0,0,0,0,0,0,0,0,0
31/07/2003,0,0,0,0,0,0,0,0,0,0,0,0,0,0
29/08/2003,0,0,0,0,0,0,0,0,0,0,0,0,0,0
30/09/2003,0,0,0,0,0,0,0,0,0,0,0,0,0,0
31/10/2003,0,0,0,0,0,0,0,0,0,0,0,0,0,0
28/11/2003,0,0,0,0,0,0,0,0,0,0,0,0,0,0
31/12/2003,0,0,0,0,0,0,0,0,0,0,0,0,0,0
30/01/2004,0,0,0,0,0,0,0,0,0,0,0,0,0,0
27/02/2004,0,0,0,0,0,0,0,0,0,0,0,0,0,0
31/03/2004,0,0,0,0,0,0,0,0,0,0,0,0,0,0
30/04/2004,0,0,0,0,0,0,0,0,0,0,0,0,0,0
31/05/2004,0,0,0,0,0,0,0,0,0,0,0,0,0,0
30/06/2004,0,0,0,0,0,0,0,0,0,0,0,0,0,0
30/07/2004,0,0,0,0,0,0,0,0,0,0,0,0,0,0
31/08/2004,0,0,0,0,0,0,0,0,0,0,0,0,0,0
30/09/2004,0,0,0,0,0,0,0,0,0,0,0,0,0,0
29/10/2004,0,0,0,0,0,0,0,0,0,0,0,0,0,0
30/11/2004,0,0,0,0,0,0,0,0,0,0,0,0,0,0
31/12/2004,0,0,0,0,0,0,0,0,0,0,0,0,0,0
31/01/2005,0,0,0,0,0,0,0,0,0,0,0,0,0,0
28/02/2005,0,0,0,0,0,0,0,0,0,0,0,0,0,0
31/03/2005,0,0,0,0,0,0,0,0,0,0,0,0,0,0
29/04/2005,0,0,0,0,0,0,0,0,0,0,0,0,0,0
31/05/2005,0,0,0,0,0,0,0,0,0,0,0,0,0,0
30/06/2005,0,0,0,0,0,0,0,0,0,0,0,0,0,0
29/07/2005,0,0,0,0,0,0,0,0,0,0,0,0,0,0
31/08/2005,0,0,0,0,0,0,0,0,0,0,0,0,0,0
30/09/2005,0,0,0,0,0,0,0,0,0,0,0,0,0,0
31/10/2005,0,0,0,0,0,0,0,0,0,0,0,0,0,0
30/11/2005,0,0,0,0,0,0,0,0,0,0,0,0,0,0
30/12/2005,0,0,0,0,0,0,0,0,0,36.71632004,0,0,0,0
31/01/2006,0,0,0,0,0,0,0,0,0,37.87067032,0,0,0,0
28/02/2006,0,0,0,0,0,0,0,0,0,38.05685425,0,0,0,0
31/03/2006,0,0,0,0,0,0,0,0,0,38.56414032,0,0,0,0
28/04/2006,0,0,0,0,0,0,0,0,0,39.14640808,0,0,0,0
31/05/2006,0,0,0,0,0,0,0,0,0,38.37005997,0,0,0,0
30/06/2006,0,0,0,0,0,0,0,0,0,38.65345001,0,0,0,0
31/07/2006,0,0,0,0,0,0,0,0,0,38.96041107,0,0,0,0
31/08/2006,0,0,0,0,0,0,0,0,0,39.76147079,0,0,0,0
29/09/2006,0,0,0,0,0,0,0,0,0,40.75468826,42.19620514,0,0,0
31/10/2006,0,0,0,0,0,0,0,0,0,42.09817886,44.30937576,0,0,0
30/11/2006,0,0,0,0,0,0,0,0,0,42.90875244,45.71534729,0,0,0
29/12/2006,0,0,0,0,0,0,0,0,0,43.70119476,46.14066315,0,0,0
31/01/2007,0,0,0,0,0,0,0,0,0,44.567379,47.03094864,0,0,0
28/02/2007,0,13.34248829,12.15460777,13.17828465,0,0,0,0,0,43.89702606,46.89527893,0,0,0
30/03/2007,0,13.29242802,12.32790184,13.2746315,0,0,0,0,0,44.39944077,47.29438782,0,0,0
30/04/2007,0,13.51979065,12.83684063,13.79200745,0,0,0,0,0,46.12046432,48.42267227,0,0,0
31/05/2007,0,14.03274918,13.30798054,14.40468407,0,0,0,0,0,47.57728958,50.47563171,0,0,0
29/06/2007,0,13.85085487,13.05665207,14.13104725,0,0,0,0,0,47.07314301,49.75214386,0,0,0
31/07/2007,0,12.67832375,12.60886192,13.28345585,0,0,0,0,0,44.96686935,46.83654404,0,0,0
31/08/2007,0,12.84781456,12.8466711,13.2943573,0,0,0,0,0,45.33813095,47.53356552,0,0,0
28/09/2007,0,12.78550625,13.24311543,13.48123932,0,0,0,0,0,46.7279129,48.05452728,0,0,0
31/10/2007,0,12.76044369,13.43099308,13.54403687,0,0,0,0,0,47.28962326,49.24483109,0,0,0
30/11/2007,0,11.83327389,12.95367622,12.83420849,0,0,0,0,0,45.19461823,45.74193954,0,0,0
31/12/2007,0,11.7959404,12.89139938,12.67443562,0,0,0,0,0,44.44047928,45.65787506,0,0,0
31/01/2008,0,11.30141449,12.33034611,12.12552261,0,0,0,0,0,42.32316208,42.30934143,0,0,0
29/02/2008,0,10.84880352,11.88660622,11.8702755,0,0,0,0,0,40.95495224,41.86514282,22.07996178,0,0
31/03/2008,0,10.98301983,11.7019434,11.5939188,0,0,0,0,0,40.15395737,41.58668137,22.08443451,20.87508774,19.27536774
30/04/2008,0,11.25499725,12.33738232,12.23128033,0,0,0,0,0,42.11884689,43.06673813,22.42873192,22.45503616,20.4625988
30/05/2008,0,11.4709034,12.36044693,12.73344231,0,0,0,0,0,42.11884689,44.79489136,22.99661255,23.0706501,20.3826561
30/06/2008,0,10.35159111,11.27711105,11.73797512,0,0,0,0,0,37.53305817,40.49851608,21.04956627,20.95419121,18.42030334
31/07/2008,0,10.836339,11.18963242,11.70200729,0,0,0,0,0,37.67177963,41.10756302,21.6682682,20.98441124,18.20396996
29/08/2008,0,11.23089695,11.35944557,12.08386707,0,0,0,0,0,38.42707443,42.59162903,22.95500755,21.46790695,18.38023949
30/09/2008,0,10.58710194,10.41491413,10.70732689,0,0,0,0,0,35.14735413,37.88434982,21.10784531,19.16700554,17.62708473
31/10/2008,0,8.408650398,8.68814373,8.616937637,0,0,0,0,0,28.75761604,30.27480698,16.43061829,14.59668255,13.4795866
28/11/2008,0,7.651420116,7.979858398,7.773012161,0,0,0,0,0,26.28692245,26.67209625,14.70674896,12.88349438,12.69990921
31/12/2008,0,7.970584869,8.164557457,8.220759392,0,0,0,0,0,26.66611862,27.82262421,15.97133827,13.88436699,12.97258282
30/01/2009,0,6.90461874,7.507849693,7.843528748,0,0,0,0,0,23.94397736,24.85799026,13.71932697,13.04209709,11.86595535
27/02/2009,0,5.989308834,6.718235493,6.806853771,0,0,0,0,0,21.09667206,21.85878372,11.98076534,11.72225666,10.43622398
31/03/2009,0,6.669423103,7.263688087,7.364495277,0,0,0,0,0,22.91875458,23.74444389,13.36801243,12.96395016,11.3328352
30/04/2009,0,8.462955475,7.998983383,8.974252701,0,0,0,0,0,27.26703835,30.19109535,16.90731621,15.69316673,12.97573566
29/05/2009,0,9.053194046,8.400773048,9.408939362,0,0,0,0,0,29.80222511,32.14672852,17.88117599,16.38986588,13.69886589
30/06/2009,0,9.143590927,8.467936516,9.295403481,0,0,0,0,0,29.41732216,32.44789886,18.12465096,16.43340683,13.52011108
31/07/2009,0,10.15161324,9.122771263,10.29354477,0,0,0,0,0,32.64817047,36.72512817,20.59131622,18.12138176,14.72507668
31/08/2009,0,10.55710697,9.405301094,10.69281006,0,0,0,0,0,35.90270233,39.70095825,21.53877068,18.9759903,15.38550568
30/09/2009,0,11.49924946,9.745503426,11.42826271,0,0,0,0,0,37.26337814,43.01471329,22.86520195,20.03118515,15.87470722
30/10/2009,0,10.63601971,9.652686119,10.96910286,0,0,0,0,0,35.03693771,39.3830986,20.9754734,18.79833794,15.61413193
30/11/2009,0,10.95901012,10.22018147,11.37473965,0,0,0,0,0,37.10492325,40.28665161,21.48992538,19.71511269,16.44023514
31/12/2009,0,11.85620308,10.39011097,12.35300541,0,0,0,0,0,37.80275345,44.14241028,23.40030289,21.09030342,16.84862137
29/01/2010,0,11.62142467,10.11282825,11.97661018,0,0,0,0,0,36.80731964,42.77384949,22.60523605,20.41646767,16.48751259
26/02/2010,0,11.93350506,10.37944698,12.42092323,0,0,0,0,0,38.40002441,45.01409912,23.88819313,21.48411179,17.02916908
31/03/2010,0,12.7569952,10.93431091,13.41126347,0,0,0,0,0,41.19429779,48.61060333,25.99331093,23.05932236,18.145298
30/04/2010,0,13.68951988,10.96908665,13.90797997,0,0,0,0,0,42.2785759,52.08902359,27.71565628,23.95115471,18.52270126
31/05/2010,0,12.60779095,10.20143509,13.05079556,0,0,0,0,0,38.74671173,47.88701248,25.45648193,22.28604698,17.19729996
30/06/2010,0,11.74062634,9.69124794,12.23701,0,0,0,0,0,36.42861176,43.51185989,22.98944283,20.19153404,15.92952251
30/07/2010,0,12.57801247,10.27191734,12.95666981,0,0,0,0,0,39.11011124,46.75146103,24.54514503,21.61795425,17.08632851
31/08/2010,0,11.73775005,9.922439575,12.21710491,0,0,0,0,0,37.14901733,43.24116135,22.37461472,20.38915825,16.16095352
30/09/2010,0,13.05105782,10.78740883,13.61562634,0,0,0,0,0,40.44797134,48.52173996,25.16013527,22.82919502,17.66468239
29/10/2010,0,13.72322655,11.14653873,14.13556576,0,0,0,0,0,41.86238861,50.40274811,26.32843208,23.560606,18.27739525
30/11/2010,0,14.09825802,11.09523296,14.54408932,0,0,0,0,0,41.85436249,52.34503937,27.33306122,24.34303093,18.35205841
31/12/2010,0,15.05273438,11.76873779,15.51567745,0,0,0,0,0,45.23927307,56.63085938,29.47727966,25.98961258,19.6879406
31/01/2011,0,15.03824806,12.0267086,15.81454659,0,0,0,0,0,46.34700775,56.6835556,29.38654709,26.57087708,20.24592209
28/02/2011,0,15.64672947,12.42587662,16.51287651,0,0,0,0,0,47.86713028,60.02151108,31.01056671,27.70698738,20.903862
31/03/2011,0,15.99141598,12.45616531,16.90035248,0,0,0,0,0,47.98060989,60.79881668,31.60030365,28.50842667,20.93717194
29/04/2011,0,16.25876617,12.81595516,17.4356823,0,0,0,0,0,49.28658295,62.07278824,32.22288513,29.01870728,21.60172272
31/05/2011,0,15.91585922,12.61698055,17.176651,0,0,0,0,0,48.67821121,60.87788773,31.48765564,28.41029167,21.31727219
30/06/2011,0,15.88851452,12.48238659,16.93239021,0,0,0,0,0,47.72051239,59.70328903,31.25166321,27.94296074,20.91568565
29/07/2011,0,15.35239315,12.20305061,16.26350212,0,0,0,0,0,46.12194443,57.72109985,30.16320801,26.63656616,20.21663284
31/08/2011,0,14.16067886,11.53210354,15.12469006,0,0,0,0,0,43.31629562,52.18861771,27.68366241,24.68539619,19.00716782
30/09/2011,0,12.70393753,10.8762455,13.57696533,0,0,0,0,0,40.09524918,46.31383514,24.70458221,22.00143623,17.72210503
31/10/2011,0,14.62824249,12.05197811,15.58675957,0,0,0,0,0,44.64499283,53.45264816,28.83639717,25.56275368,19.74510384
30/11/2011,0,14.45570278,11.90053654,15.47108555,0,0,0,0,0,44.31708145,52.89603806,28.75454903,25.53621483,19.55939102
30/12/2011,0,14.77156258,12.19859982,15.66266346,0,0,0,0,0,45.05325699,53.22425842,29.20584488,25.56539917,19.73947334
31/01/2012,0,16.02821732,12.7637825,16.80941772,0,0,0,0,0,46.9022789,57.21608734,31.61917686,27.52637863,20.69802856
29/02/2012,0,16.20437813,13.37329674,17.62521744,0,0,0,0,0,48.69350433,58.95475006,32.32951736,28.72475624,21.58872604
30/03/2012,0,16.7368145,13.74943733,17.78351974,0,0,0,0,0,50.09155655,60.43952179,33.09449005,29.16053391,22.16556168
30/04/2012,0,16.253479,13.5769825,17.41120911,0,0,0,0,0,49.44573212,59.43619537,32.04475784,29.04384422,21.86745453
31/05/2012,0,15.11883068,12.69799519,16.00923729,0,0,0,0,0,46.37400055,54.91676712,29.64642143,26.52501488,20.53905869
29/06/2012,0,15.8923769,13.18039322,16.34727097,0,0,0,0,0,48.42574692,57.50355148,30.76808548,27.16154861,21.42466164
31/07/2012,0,15.75041199,13.37335873,16.37648392,0,0,0,0,0,48.79203415,56.51410294,30.73596764,26.48185158,21.6305275
31/08/2012,0,16.22070313,13.6753912,17.09231377,0,0,0,0,0,49.94087982,58.77824402,32.08860779,27.21973801,22.21212769
28/09/2012,0,16.64574432,14.04883671,17.44519806,0,0,0,0,0,51.48090744,60.58358765,33.40468597,27.81187248,22.84504128
31/10/2012,0,16.28375816,13.79013348,17.41293144,0,0,0,0,0,51.28850174,59.68002701,32.4657135,27.93940163,22.74752617
30/11/2012,0,16.37277222,13.8576231,17.99375916,0,0,0,0,0,51.47254562,60.6283226,33.38075638,28.75016403,22.8935585
31/12/2012,0,17.00475883,13.9778738,18.43838501,0,0,0,0,0,52.61811447,62.78232574,34.55572128,29.34881401,23.27990532
31/01/2013,0,17.99127579,14.76795006,19.70051956,0,0,0,0,0,55.86301804,66.73667908,36.68777847,32.14829254,24.78462219
28/02/2013,0,18.27614594,14.98317146,20.00201225,0,0,0,0,0,56.70583725,67.39573669,37.12158203,32.61487961,25.23430443
29/03/2013,0,19.03369713,15.474226,20.88969231,0,0,0,0,0,59.2389679,70.30369568,38.45986176,34.28907013,26.38446426
30/04/2013,0,18.93759155,15.77279186,20.80382919,0,0,0,0,0,60.37153244,70.19533539,38.10948563,34.14555359,26.76763535
31/05/2013,0,20.06092834,16.23343277,21.62698174,0,0,0,0,0,62.06189728,74.05140686,40.77022171,35.76805115,27.55772209
28/06/2013,0,20.11309814,16.06668472,21.40180016,0,0,0,0,0,61.18841171,73.5280838,40.37295914,35.04388809,27.26252556
31/07/2013,0,21.58825111,16.87215996,22.98976326,0,0,0,0,0,64.68125153,78.85527039,43.44930267,37.57466888,28.77150345
30/08/2013,0,20.91690636,16.34945297,22.13333321,21.61379051,20.36758614,20.46948242,0,0,62.45465469,76.34141541,42.13434219,36.11394119,27.88220215
30/09/2013,0,22.31453133,16.81209755,23.47724724,22.94040108,21.02788544,21.01239586,0,0,64.39334869,81.41834259,45.19023514,38.05238342,28.67560196
31/10/2013,0,23.07474136,17.54355621,24.49333382,23.88063622,22.03244209,22.04726601,0,0,67.33625031,83.65519714,46.60740662,39.39805222,30.17635918
29/11/2013,0,24.3568325,18.15740967,25.22933006,24.6935215,22.69366264,22.64152908,0,0,69.4090271,87.30147552,49.1667099,40.17109299,31.35822296
31/12/2013,0,24.69383812,18.58737373,25.85604286,25.34487724,23.25211525,23.21688461,0,0,71.11026001,89.16883087,50.42805099,41.41245651,32.11102295
31/01/2014,0,23.48985291,17.8175869,25.03104401,24.49370384,22.29922867,22.30491638,0,0,68.41814423,85.54660034,47.92957306,40.03977966,30.737854
28/02/2014,0,24.36712837,18.59602737,26.36718559,25.77951431,23.25211525,23.2339344,0,0,71.37605286,89.92611694,50.5684166,41.82982254,32.02300262
31/03/2014,0,24.72029686,18.9749279,26.61745453,25.99238205,23.72685623,23.72132301,0,0,72.77577209,90.55727386,51.17664337,42.28429794,32.56874466
30/04/2014,0,24.01417923,19.07334518,26.26399231,25.54767609,23.93184471,23.96940041,0,0,73.44644165,88.02939606,50.13795853,41.74354935,32.94490814
30/05/2014,0,24.17479706,19.44965744,26.64741516,25.90162277,24.36742783,24.43133736,0,0,74.65879822,88.57691956,50.61519623,42.77413177,33.61527252
30/06/2014,0,25.1105442,19.83164215,27.76396942,26.90661049,24.86955643,24.87265587,0,0,76.39877319,92.34397125,52.68322372,44.33395386,34.05630493
31/07/2014,0,23.73392296,19.66012764,26.43958282,25.60541153,24.48351479,24.5805397,0,0,75.11164093,87.76569366,49.69834518,42.53219986,33.59757614
29/08/2014,0,24.71245193,20.36071968,27.74894524,26.76102257,25.34996033,25.4397049,0,0,77.97961426,91.64806366,51.89904022,44.76438522,34.97053146
30/09/2014,0,23.17884064,20.10845184,26.36790848,25.23246384,24.85529518,25.03207588,0,0,76.26652527,86.32144928,48.57458115,42.42989349,34.27077103
31/10/2014,0,24.80900383,20.55815697,27.45841026,26.45530701,25.35498238,25.4031086,0,0,77.79324341,90.98497009,51.89918137,43.58215332,35.06123734
28/11/2014,0,24.71759415,21.13051987,27.81990433,26.9480896,25.94082832,25.9984951,0,0,79.47612762,91.23283386,52.03987885,44.77490234,36.16383743
31/12/2014,0,25.28078842,21.11382866,28.02244759,27.32754707,26.05011559,26.10696793,0,0,79.78885651,92.9836731,53.70962906,45.38311005,36.42509079
30/01/2015,0,23.8170414,20.30717278,27.16045952,26.50360107,25.08081055,25.1708622,0,0,76.81301117,89.66083527,50.71634293,43.90220642,35.27257156
27/02/2015,0,25.34189606,21.45115471,28.98426056,28.10572433,26.45687485,26.51434708,0,0,80.9407959,95.01431274,54.50971603,47.08897018,37.39893341
31/03/2015,0,25.90326691,21.09223175,29.27052498,28.47990608,26.1360817,26.10419273,0,0,79.93160248,96.18783569,55.40393066,47.42637634,37.03261185
30/04/2015,0,25.74694252,21.27786827,28.99152756,27.99346924,26.29263496,26.3304348,0,0,80.96453857,95.64221191,54.16366959,46.82194519,37.07413864
29/05/2015,0,25.85729218,21.57548523,29.19168472,28.27799797,26.56226158,26.59147644,0,0,81.48977661,96.07687378,55.0695343,47.50762177,37.5227623
30/06/2015,0,26.02202034,21.12486839,28.87762451,27.95204926,25.92457962,26.00732613,0,0,79.76041412,96.19935608,54.8713913,46.46503448,36.74216461
31/07/2015,0,24.94647598,21.38833427,28.76516724,27.70353889,26.05573082,26.09474945,0,0,80.15623474,93.59410858,53.32097626,46.10351181,37.05859756
31/08/2015,0,23.84634781,20.0591526,27.26672554,26.28614998,24.56058884,24.5911274,0,0,75.52965546,89.3292923,50.52554321,44.1648941,34.86914825
30/09/2015,0,22.65584946,19.48661423,26.2016468,25.13892937,23.88482094,23.96720123,0,0,73.33391571,85.09350586,47.91899872,42.15098953,33.95911789
30/10/2015,0,24.17239761,21.26056099,27.82400703,26.77420044,25.75866508,25.8568058,0,0,78.92396545,90.25715637,51.5553093,44.70524979,36.3134613
30/11/2015,0,24.93375969,21.31711006,28.0710144,27.29158401,25.82904053,25.88317299,0,0,79.127388,92.56453705,52.25544357,44.89391327,36.43113708
31/12/2015,0,23.46794701,20.78380966,26.6868515,25.93823051,25.25818443,25.3255825,0,0,77.45728302,87.82073975,49.00611115,42.82260513,35.92867661
29/01/2016,0,21.60413361,19.59719086,25.11270332,24.12060738,23.95722008,24.21139717,0,0,73.51439667,81.16099548,45.20505524,39.87257767,33.94275665
29/02/2016,0,21.86420059,19.66611099,25.57208824,24.54719162,24.2846756,24.37056732,0,0,73.72847748,82.29279327,46.6268959,41.3192215,34.234272
31/03/2016,0,23.86300087,20.98408508,27.66003609,26.67977524,26.09502411,26.20620728,0,0,78.93001556,88.33862305,51.40428543,45.38496017,36.66656876
29/04/2016,0,24.48338509,20.83957481,28.05297852,27.09810257,26.49525833,26.53500557,0,0,80.74770355,91.25983429,52.65549088,45.29040909,36.64834213
31/05/2016,0,24.57334709,21.23998833,28.53496361,27.40487289,26.66423416,26.78382492,0,0,81.20435333,91.70922852,52.41852188,45.23367691,37.07649231
30/06/2016,0,24.59673309,21.06888008,28.15640259,27.38201904,26.87582779,27.08782387,0,0,81.44914246,91.38188934,52.21947098,45.12966919,37.13115692
29/07/2016,0,25.88884735,21.93716431,29.3406353,28.8187542,27.73499298,27.84746361,0,0,84.05853271,96.3506546,55.77481842,47.74334335,38.38275146
31/08/2016,0,26.26869011,22.10962105,29.60585403,29.01467705,27.73499298,27.82958794,0,0,84.52642059,98.54855347,55.64198685,47.620224,38.39189911
30/09/2016,0,26.53684998,22.16585159,29.65127563,29.05199432,27.75289345,27.80278015,0,0,84.6663208,99.2482605,56.49584198,47.7244072,38.20899582
31/10/2016,0,25.53710938,21.89809799,28.76796341,28.19519043,27.21560097,27.29057884,0,0,83.00191498,95.36833954,53.74107742,46.25017548,37.43323517
30/11/2016,0,29.16741753,23.13038445,31.28151894,31.1167717,28.88957214,28.90806007,0,0,88.88153076,106.1322556,61.27719116,50.84004211,39.6016655
30/12/2016,0,30.58428001,23.64361,31.97079277,32.04067612,29.43604279,29.47561836,0,0,90.86038208,109.3594131,63.89142609,51.68466949,40.10795975
31/01/2017,0,30.10811806,23.91902924,32.41607666,32.17222214,29.71647263,29.71047783,0,0,91.61794281,110.0803223,63.00618744,52.56375885,40.70796585
28/02/2017,0,30.37439728,25.07887268,33.04198456,32.78297043,30.59395027,30.6228447,0,0,94.42908478,110.8676224,64.49114227,53.08930969,42.24027634
31/03/2017,0,30.35323524,25.03511238,33.05772018,32.6138382,30.49443817,30.52348137,0,0,93.59503937,110.4587708,63.2156105,53.08930969,42.00028229
28/04/2017,0,30.91864777,25.26865578,33.479496,32.84100723,30.5107975,30.56339264,0,0,93.74116516,111.7681198,63.908535,53.11414337,42.27225494
31/05/2017,0,29.92917633,25.47454071,32.97336578,32.1811676,30.46535873,30.58153915,0,0,93.77770233,109.3296967,61.37929916,52.40557098,42.74492264
30/06/2017,24.5063343,31.01365852,25.71369362,33.63450623,32.84242249,30.79369164,30.83208275,0,0,94.88322449,112.6130371,63.0209198,53.94719315,43.08784866
31/07/2017,23.93196297,31.01365852,26.3061657,33.95393753,33.13541412,31.35076332,31.36084366,0,0,96.48036957,113.8502274,62.80447006,54.22488022,43.81959534
31/08/2017,22.35245514,30.45646095,26.44502449,33.57814789,32.55888748,31.0676651,31.21498299,0,0,95.81945801,112.2704239,59.97406387,53.20989227,43.38205338
29/09/2017,24.44626999,33.10320663,26.98006058,35.0880127,34.39592361,32.19633102,32.22117615,0,0,98.89343262,119.6124649,65.52012634,55.19197464,44.62952042
31/10/2017,23.70721817,33.52918243,27.64642525,35.7287178,34.67086029,32.5912056,32.6611824,0,0,100.2317047,120.996109,64.54915619,55.62860489,45.10366058
30/11/2017,24.46546745,34.75032806,28.74980164,37.25510406,35.97919846,33.77584076,33.83453369,0,0,103.4989243,124.8321152,67.12728882,57.92325974,47.29197311
29/12/2017,25.16291618,34.3824234,29.01704407,37.52412033,36.10501862,34.42226791,34.52189636,0,0,105.4077377,124.4713593,67.1449585,58.45874023,48.26158905
31/01/2018,25.4714222,35.13233948,30.38991737,38.58325958,36.84807587,35.92733002,36.0793457,0,0,109.8994751,127.2120361,68.30758667,59.98014832,50.76904297
28/02/2018,24.90260506,33.48061752,29.269207,36.5689888,35.16189957,34.172966,34.27307892,0,0,104.6003113,122.1139679,64.92538452,56.89881134,48.18645859
30/03/2018,25.49588013,34.0007515,28.45706177,36.64706802,35.54177475,33.58462143,33.64692688,0,0,102.5883484,123.6226501,65.27220917,56.8531189,46.95384979
30/04/2018,25.33145905,34.32429886,28.27902985,36.55232239,35.89491272,33.96489716,33.98950958,0,0,103.4170456,125.0226593,66.25404358,56.13933563,47.61357498
31/05/2018,27.36551476,36.24654388,28.84123993,37.79347229,37.66054916,34.61413956,34.60060501,0,0,104.9254074,131.5911865,69.76743317,58.7823143,47.82091904
29/06/2018,27.78072166,37.01086807,28.88239288,38.18619919,38.19248199,34.87794113,34.75903702,0,0,105.4180679,134.0036163,70.80500793,59.04868698,48.0437088
31/07/2018,27.98121262,37.78572464,29.93676376,39.03224564,38.82408524,36.00664139,36.00640869,0,0,109.2284698,135.6983948,72.78253174,60.88579941,49.74740219
31/08/2018,28.98950195,38.9432106,30.73696327,40.27755356,39.88630676,36.85551071,36.85351181,0,0,111.3817825,140.6286774,75.79220581,62.10409927,51.30910492
28/09/2018,28.03222275,38.21891403,30.89259148,39.4647522,39.10955048,37.06445313,37.133564,24.00761032,0,111.7755051,137.329361,72.86859894,60.90567398,51.52260208
31/10/2018,25.48162842,34.74620438,29.17107773,35.9056778,35.48864365,34.74851227,34.90629196,22.5414238,21.58130836,104.9995499,123.7663422,65.84207916,55.47718811,48.57464981
30/11/2018,25.02009392,34.79417419,29.55889511,36.99343109,35.94966125,35.17043304,35.39292526,22.13467789,21.7850914,106.6841354,125.0598907,65.12588501,57.08634186,49.44001389
31/12/2018,22.63092232,30.90388107,26.83473969,32.88811493,31.7410984,31.59777641,32.00035858,20.78694916,19.61473274,96.223526,110.2431107,55.75929642,49.89526749,44.52451324
31/01/2019,25.01311874,34.71382141,29.13757896,36.95476913,35.29795456,34.43770218,34.54305267,21.57765961,21.34113503,104.1624069,122.0763702,63.82499313,56.35000992,48.49478912
28/02/2019,25.803936,36.3438797,30.02255058,38.58527374,36.7960968,35.46612549,35.62606049,23.14953995,22.74567223,107.2318573,127.7310715,67.26920319,58.64762878,49.60455322
29/03/2019,24.58223915,34.91858292,30.37160683,37.88924026,36.06603241,35.67216492,35.93457794,23.01857185,22.20005798,107.8128128,123.9194565,63.88976669,57.77917862,49.56740952
30/04/2019,25.37281227,36.47546768,31.76646233,39.5072937,37.44126511,37.0003891,37.19394684,24.05225563,23.05954742,111.9590759,128.2705841,65.95576477,60.79247284,51.32600403
31/05/2019,21.69914246,32.36569214,29.33024025,35.78000641,34.29372025,34.32497025,34.51424026,22.57830238,21.82892227,103.7425995,116.5380859,57.26301193,53.83946609,47.76076889
28/06/2019,23.40403557,34.8300209,31.56630135,38.6469574,36.64208221,36.89949799,37.24093246,24.14016724,23.11953354,111.5411301,124.5268936,61.67964935,59.5797348,51.54275513
31/07/2019,23.46808815,34.8882637,32.35354233,38.80154037,37.15735626,37.47203827,37.66943741,24.72684097,23.1097393,112.8416824,125.9800797,61.60151291,59.61884689,52.36349869
30/08/2019,22.49743652,32.6652832,31.47029686,36.90784073,35.43656921,36.25064087,36.55534363,23.94781494,22.02233315,109.3321075,119.5528183,57.33257675,55.17946243,50.75098419
30/09/2019,24.28796768,34.68318176,32.36712265,38.27893448,36.8571434,37.53508759,37.86965561,24.67121124,22.84971428,113.3573303,124.14254,62.47475815,58.41608047,52.36810303
31/10/2019,24.9373703,35.49180603,33.22599792,38.98744202,37.48183823,38.21615219,38.57821655,25.13506126,23.01671219,115.309761,127.1355591,63.1609726,59.93681717,53.51350403
29/11/2019,26.00951767,36.49528122,34.53843689,40.19093323,38.48721313,39.6358223,39.99533844,26.14007187,23.94013214,119.0992432,131.0969238,65.18039703,62.18358994,55.76547241
31/12/2019,26.74475098,37.60411453,35.56546021,41.02407074,39.46630096,40.7245369,41.16852951,26.88616371,24.46544456,122.6043243,134.3953857,67.07993317,63.96625137,56.91565323
31/01/2020,25.07332802,34.49407196,35.01293182,39.50357437,37.81861115,39.73880005,40.20394516,26.468647,23.6476326,120.0208359,128.7034302,61.63116837,60.85411835,55.46153641
28/02/2020,22.27643394,30.67987251,31.94009399,35.3319664,34.08185959,36.13408661,36.41311646,24.02180099,21.3419838,108.6225357,117.0835419,55.13797379,53.84196091,50.42578506
31/03/2020,17.36004066,21.98920822,27.45022583,25.9468708,25.45831871,29.89617348,30.44999695,20.79264259,16.63222504,90.25210571,88.36354828,41.62021637,40.71706772,43.17528915
30/04/2020,20.64743042,25.90846634,30.84854698,29.86541748,29.20768547,33.61615372,34.20157623,23.44431686,19.16666031,101.6654129,101.7109375,48.91242981,47.25557709,48.15062714
29/05/2020,21.63305092,27.09015274,32.19615555,31.61353683,30.68381691,35.08661652,35.67888641,24.49128914,20.6318779,105.6879044,106.9669113,53.13894272,50.74278641,50.22531891
30/06/2020,23.34652519,28.04566002,32.57539749,32.10858536,31.33665276,35.50705719,36.04237747,24.86362267,20.74934196,106.4039993,110.674881,54.55161667,51.14496231,50.54722595
31/07/2020,24.36936378,28.87576675,33.98958206,33.3602066,32.63082123,36.89795303,37.51968002,25.5813179,21.80119705,110.8051682,115.8960495,58.29526138,52.99357605,52.49401093
31/08/2020,25.92844582,31.00043869,36.2090683,34.95676804,34.35967255,39.05286407,39.72097015,27.64591217,23.25990486,116.6602783,121.2063828,62.9847641,56.27337265,55.34007263
30/09/2020,25.20571327,29.60752678,34.96060944,33.83021164,32.7888031,37.64035416,38.21186066,26.55353737,22.24948502,112.3735886,116.3508377,59.33073425,53.67935181,53.29446793
30/10/2020,25.05055428,30.44014359,34.17098999,34.94831848,33.55272293,36.96908188,37.65935516,25.85216331,22.45835495,111.3169098,118.7257538,60.91381454,55.23973846,52.50389099
30/11/2020,29.39108467,35.93146515,38.34613037,40.80602646,39.84261322,42.62549973,43.16470718,29.83321762,27.23249435,127.1177521,139.5136871,75.75893402,66.15251923,60.24161911
31/12/2020,31.17284393,38.75547028,39.83893204,43.30843735,42.79690933,44.5564537,44.92184067,30.94377899,29.20156479,132.143219,150.3012085,80.89048004,70.85793304,61.81826019
29/01/2021,34.19826889,40.5179863,39.51156998,43.91630936,44.38235092,45.7770462,46.14184189,31.17203712,32.85051346,136.0222015,157.0823822,101.3574677,71.89380646,61.82818985
26/02/2021,37.70296478,44.17247391,40.63253784,47.77281189,48.66004562,47.91058731,48.07599258,32.91870117,34.32604599,140.9726257,170.8339386,101.4173126,78.35807037,64.53794861
31/03/2021,40.95784378,47.25524139,43.17458725,50.7834549,50.55169678,51.07752991,51.45632935,34.90169525,36.44071579,151.1368103,175.9690094,113.8192902,85.86079407,69.28417206
30/04/2021,41.74683762,48.02321625,45.05694199,52.80760956,51.88883209,53.00987244,53.39826584,36.19730377,36.96001053,157.2352905,180.3497772,115.527626,89.31398773,72.18430328
31/05/2021,43.49461365,49.81847382,45.71427155,53.57539749,54.00429916,54.58362961,54.97173309,37.12416077,38.72761917,161.2710571,185.0498657,121.2620468,90.81104279,73.74897766
30/06/2021,44.61000061,49.38999939,46.20999908,52.38999939,54.38999939,54.38000107,54.72000122,37.27999878,38.90999985,160.3300018,186.8699951,120.4700012,88.54000092,73.70999908
30/07/2021,43.09000015,48.34000015,47.15999985,52.65000153,52.99000168,54.36000061,54.83000183,37.77000046,38.50999832,160.8800049,182.4600067,115.7900009,89.16999817,74.26999664
31/08/2021,43.90000153,49.29999924,48.47999954,53.88999939,54.00999832,55.65999985,56.09999847,38.52000046,39.06000137,164.3699951,186.4900055,118.4300003,91.16000366,75.76999664
30/09/2021,42.41999817,48.33000183,45.99000168,52.00999832,52.68000031,53.56000137,53.95000076,36.81999969,37.70000076,158.3600006,182.4900055,116.9100037,87.23999786,72.76000214
29/10/2021,42.91999817,50.20000076,48.63000107,54.27999878,54.79999924,56.34999847,56.75,38.81999969,39.29999924,166.8699951,190.3800049,120.2200012,90.97000122,76.87999725
30/11/2021,42.91999817,49.75999832,47.91999817,53.27999878,53.15999985,55.11999893,55.59000015,38.27000046,37.93999863,162.3699951,184.1699982,118.2300034,89.33999634,75.40000153
31/12/2021,42.77000046,51.40000153,50.36000061,56.27999878,55.61000061,58.04000092,58.61000061,40.56000137,39.54000092,171.6999969,191.7100067,123.1500015,94.66999817,79.95999908