Date,CFA,CFO,CSA,CSF,DEF,FDLO,JMIN,LGLV,ONEV,RBUS,SMLV,SMMV,SPLV,SPMV,USMV,XMLV,XRLV,XSLV
12/31/2002,1932.85317,1932.85317,1543.726,1543.726,1932.85317,1932.85317,1932.85317,1932.85317,708.4285,1932.85317,1543.726,1543.726,394.6339,1932.85317,1932.85317,2470.26703,1932.85317,1543.726
1/31/2003,1886.00527,1886.00527,1501,1501,1886.00527,1886.00527,1886.00527,1886.00527,688.8071,1886.00527,1501,1501,385.0804,1886.00527,1886.00527,2420.30869,1886.00527,1501
2/28/2003,1856.8277,1856.8277,1455.647,1455.647,1856.8277,1856.8277,1856.8277,1856.8277,677.3887,1856.8277,1455.647,1455.647,374.8144,1856.8277,1856.8277,2388.25238,1856.8277,1455.647
3/31/2003,1876.04872,1876.04872,1474.391,1474.391,1876.04872,1876.04872,1876.04872,1876.04872,679.7007,1876.04872,1474.391,1474.391,375.4366,1876.04872,1876.04872,2411.8296,1876.04872,1474.391
4/30/2003,2027.50335,2027.50335,1614.189,1614.189,2027.50335,2027.50335,2027.50335,2027.50335,731.3881,2027.50335,1614.189,1614.189,408.4839,2027.50335,2027.50335,2587.01272,2027.50335,1614.189
5/30/2003,2143.10254,2143.10254,1787.412,1787.412,2143.10254,2143.10254,2143.10254,2143.10254,795.7623,2143.10254,1787.412,1787.412,434.8518,2143.10254,2143.10254,2823.77532,2143.10254,1787.412
6/30/2003,2171.28754,2171.28754,1819.758,1819.758,2171.28754,2171.28754,2171.28754,2171.28754,801.3203,2171.28754,1819.758,1819.758,440.2891,2171.28754,2171.28754,2852.31332,2171.28754,1819.758
7/31/2003,2214.55363,2214.55363,1933.621,1933.621,2214.55363,2214.55363,2214.55363,2214.55363,826.2242,2214.55363,1933.621,1933.621,446.8451,2214.55363,2214.55363,2946.31663,2214.55363,1933.621
8/29/2003,2259.49759,2259.49759,2022.275,2022.275,2259.49759,2259.49759,2259.49759,2259.49759,855.5619,2259.49759,2022.275,2022.275,453.808,2259.49759,2259.49759,3074.27463,2259.49759,2022.275
9/30/2003,2236.3563,2236.3563,1984.947,1984.947,2236.3563,2236.3563,2236.3563,2236.3563,848.9172,2236.3563,1984.947,1984.947,449.3805,2236.3563,2236.3563,3035.75216,2236.3563,1984.947
10/31/2003,2367.48263,2367.48263,2151.636,2151.636,2367.48263,2367.48263,2367.48263,2367.48263,911.2281,2367.48263,2151.636,2151.636,476.8818,2367.48263,2367.48263,3267.46366,2367.48263,2151.636
11/28/2003,2395.86914,2395.86914,2227.994,2227.994,2395.86914,2395.86914,2395.86914,2395.86914,937.6322,2395.86914,2227.994,2227.994,483.3513,2395.86914,2395.86914,3359.17178,2395.86914,2227.994
12/31/2003,2510.59813,2510.59813,2273.195,2273.195,2510.59813,2510.59813,2510.59813,2510.59813,978.10798,2510.59813,2273.195,2273.195,513.1447,2510.59813,2510.59813,3459.83636,2510.59813,2273.195
1/30/2004,2558.31933,2558.31933,2371.956,2371.956,2558.31933,2558.31933,2558.31933,2558.31933,1003.91685,2558.31933,2371.956,2371.956,522.1683,2558.31933,2558.31933,3560.35144,2558.31933,2371.956
2/27/2004,2593.75083,2593.75083,2393.219,2393.219,2593.75083,2593.75083,2593.75083,2593.75083,1028.74316,2593.75083,2393.219,2393.219,533.3594,2593.75083,2593.75083,3637.02265,2593.75083,2393.219
3/31/2004,2558.36614,2558.36614,2415.523,2415.523,2558.36614,2558.36614,2558.36614,2558.36614,1030.40154,2558.36614,2415.523,2415.523,528.6907,2558.36614,2558.36614,3637.78423,2558.36614,2415.523
4/30/2004,2512.1185,2512.1185,2292.369,2292.369,2512.1185,2512.1185,2512.1185,2512.1185,986.81893,2512.1185,2292.369,2292.369,515.7697,2512.1185,2512.1185,3504.20908,2512.1185,2292.369
5/31/2004,2548.35347,2548.35347,2328.855,2328.855,2548.35347,2548.35347,2548.35347,2548.35347,1012.10782,2548.35347,2328.855,2328.855,521.0298,2548.35347,2548.35347,3591.16161,2548.35347,2328.855
6/30/2004,2594.29402,2594.29402,2426.931,2426.931,2594.29402,2594.29402,2594.29402,2594.29402,1048.23244,2594.29402,2426.931,2426.931,533.3406,2594.29402,2594.29402,3690.49604,2594.29402,2426.931
7/30/2004,2503.18533,2503.18533,2263.518,2263.518,2503.18533,2503.18533,2503.18533,2503.18533,1019.8323,2503.18533,2263.518,2263.518,525.8284,2503.18533,2503.18533,3529.13841,2503.18533,2263.518
8/31/2004,2515.53498,2515.53498,2251.885,2251.885,2515.53498,2515.53498,2515.53498,2515.53498,1036.25495,2515.53498,2251.885,2251.885,533.3062,2515.53498,2515.53498,3544.41757,2515.53498,2251.885
9/30/2004,2547.28557,2547.28557,2357.601,2357.601,2547.28557,2547.28557,2547.28557,2547.28557,1066.41892,2547.28557,2357.601,2357.601,541.5729,2547.28557,2547.28557,3659.48323,2547.28557,2357.601
10/29/2004,2588.37345,2588.37345,2404.008,2404.008,2588.37345,2588.37345,2588.37345,2588.37345,1091.09669,2588.37345,2404.008,2404.008,550.5756,2588.37345,2588.37345,3760.39779,2588.37345,2404.008
11/30/2004,2699.19076,2699.19076,2612.528,2612.528,2699.19076,2699.19076,2699.19076,2699.19076,1164.81627,2699.19076,2612.528,2612.528,578.4119,2699.19076,2699.19076,3989.52059,2699.19076,2612.528
12/31/2004,2796.92189,2796.92189,2689.858,2689.858,2796.92189,2796.92189,2796.92189,2796.92189,1209.97152,2796.92189,2689.858,2689.858,597.7813,2796.92189,2796.92189,4159.33917,2796.92189,2689.858
1/31/2005,2726.44768,2726.44768,2577.628,2577.628,2726.44768,2726.44768,2726.44768,2726.44768,1181.78901,2726.44768,2577.628,2577.628,587.17,2726.44768,2726.44768,4056.39412,2726.44768,2577.628
2/28/2005,2787.7598,2787.7598,2621.289,2621.289,2787.7598,2787.7598,2787.7598,2787.7598,1223.04138,2787.7598,2621.289,2621.289,606.6298,2787.7598,2787.7598,4181.66843,2787.7598,2621.289
3/31/2005,2743.62968,2743.62968,2546.25,2546.25,2743.62968,2743.62968,2743.62968,2743.62968,1219.35584,2743.62968,2546.25,2546.25,598.3058,2743.62968,2743.62968,4148.80476,2743.62968,2546.25
4/29/2005,2693.03409,2693.03409,2400.429,2400.429,2693.03409,2693.03409,2693.03409,2693.03409,1187.19158,2693.03409,2400.429,2400.429,587.5902,2693.03409,2693.03409,4016.6044,2693.03409,2400.429
5/31/2005,2788.49539,2788.49539,2557.54,2557.54,2788.49539,2788.49539,2788.49539,2788.49539,1236.27452,2788.49539,2557.54,2557.54,601.735,2788.49539,2788.49539,4209.05026,2788.49539,2557.54
6/30/2005,2799.88665,2799.88665,2656.186,2656.186,2799.88665,2799.88665,2799.88665,2799.88665,1276.69816,2799.88665,2656.186,2656.186,608.3231,2799.88665,2799.88665,4322.21757,2799.88665,2656.186
7/29/2005,2908.78083,2908.78083,2824.47,2824.47,2908.78083,2908.78083,2908.78083,2908.78083,1337.5237,2908.78083,2824.47,2824.47,625.9233,2908.78083,2908.78083,4550.08167,2908.78083,2824.47
8/31/2005,2883.60694,2883.60694,2772.103,2772.103,2883.60694,2883.60694,2883.60694,2883.60694,1327.05632,2883.60694,2772.103,2772.103,623.2011,2883.60694,2883.60694,4518.21602,2883.60694,2772.103
9/30/2005,2910.4037,2910.4037,2780.798,2780.798,2910.4037,2910.4037,2910.4037,2910.4037,1345.04327,2910.4037,2780.798,2780.798,631.9511,2910.4037,2910.4037,4578.15253,2910.4037,2780.798
10/31/2005,2859.35505,2859.35505,2694.456,2694.456,2859.35505,2859.35505,2859.35505,2859.35505,1303.88065,2859.35505,2694.456,2694.456,615.9009,2859.35505,2859.35505,4440.61516,2859.35505,2694.456
11/30/2005,2967.95749,2967.95749,2825.261,2825.261,2967.95749,2967.95749,2967.95749,2967.95749,1349.86242,2967.95749,2825.261,2825.261,636.0407,2967.95749,2967.95749,4637.63952,2967.95749,2825.261
12/30/2005,2972.16838,2972.16838,2812.349,2812.349,2972.16838,2972.16838,2972.16838,2972.16838,1363.00765,2972.16838,2812.349,2812.349,639.9473,2972.16838,2972.16838,4685.55465,2972.16838,2812.349
1/31/2006,3055.4988,3055.4988,3064.53806,3064.53806,3055.4988,3055.4988,3055.4988,3055.4988,1422.09788,3055.4988,3064.53806,3064.53806,664.80168,3055.4988,3055.4988,4926.32161,3055.4988,3064.53806
2/28/2006,3062.33322,3062.33322,3056.10129,3056.10129,3062.33322,3062.33322,3062.33322,3062.33322,1435.55943,3062.33322,3056.10129,3056.10129,668.85947,3062.33322,3062.33322,4920.40428,3062.33322,3056.10129
3/31/2006,3105.68547,3105.68547,3204.37405,3204.37405,3105.68547,3105.68547,3105.68547,3105.68547,1466.85875,3105.68547,3204.37405,3204.37405,677.92095,3105.68547,3105.68547,5042.32967,3105.68547,3204.37405
4/28/2006,3142.95422,3142.95422,3203.85238,3203.85238,3142.95422,3142.95422,3142.95422,3142.95422,1480.99046,3142.95422,3203.85238,3203.85238,695.14846,3142.95422,3142.95422,5077.67575,3142.95422,3203.85238
5/31/2006,3050.14709,3050.14709,3023.92288,3023.92288,3050.14709,3050.14709,3050.14709,3050.14709,1449.98097,3050.14709,3023.92288,3023.92288,677.5888,3050.14709,3050.14709,4906.78956,3050.14709,3023.92288
6/30/2006,3054.13092,3054.13092,3043.36516,3043.36516,3054.13092,3054.13092,3054.13092,3054.13092,1458.69122,3054.13092,3043.36516,3043.36516,681.92321,3054.13092,3054.13092,4912.46928,3054.13092,3043.36516
7/31/2006,3060.83548,3060.83548,2944.33834,2944.33834,3060.83548,3060.83548,3060.83548,3060.83548,1450.43259,3060.83548,2944.33834,2944.33834,698.49635,3060.83548,3060.83548,4804.95638,3060.83548,2944.33834
8/31/2006,3134.20658,3134.20658,3031.51224,3031.51224,3134.20658,3134.20658,3134.20658,3134.20658,1491.07692,3134.20658,3031.51224,3031.51224,710.18753,3134.20658,3134.20658,4926.96177,3134.20658,3031.51224
9/29/2006,3208.59141,3208.59141,3056.75121,3056.75121,3208.59141,3208.59141,3208.59141,3208.59141,1510.14679,3208.59141,3056.75121,3056.75121,724.34434,3208.59141,3208.59141,5016.18037,3208.59141,3056.75121
10/31/2006,3317.54336,3317.54336,3232.75136,3232.75136,3317.54336,3317.54336,3317.54336,3317.54336,1571.34578,3317.54336,3232.75136,3232.75136,748.05428,3317.54336,3317.54336,5213.70674,3317.54336,3232.75136
11/30/2006,3388.27807,3388.27807,3317.78866,3317.78866,3388.27807,3388.27807,3388.27807,3388.27807,1622.01037,3388.27807,3317.78866,3317.78866,765.13132,3388.27807,3388.27807,5401.30228,3388.27807,3317.78866
12/29/2006,3431.69109,3431.69109,3328.899,3328.899,3431.69109,3431.69109,3431.69109,3431.69109,1638.55895,3431.69109,3328.899,3328.899,782.30654,3431.69109,3431.69109,5400.69084,3431.69109,3328.899
1/31/2007,3497.78382,3497.78382,3384.606,3384.606,3497.78382,3497.78382,3497.78382,3497.78382,1689.04407,3497.78382,3384.606,3384.606,792.3112,3497.78382,3497.78382,5583.18394,3497.78382,3384.606
2/28/2007,3437.60409,3437.60409,3357.749,3357.749,3437.60409,3437.60409,3437.60409,3437.60409,1699.12577,3437.60409,3357.749,3357.749,779.9592,3437.60409,3437.60409,5592.20808,3437.60409,3357.749
3/30/2007,3473.29074,3473.29074,3393.695,3393.695,3473.29074,3473.29074,3473.29074,3473.29074,1718.15957,3473.29074,3393.695,3393.695,792.0177,3473.29074,3473.29074,5637.04592,3473.29074,3393.695
4/30/2007,3619.31323,3619.31323,3454.654,3454.654,3619.31323,3619.31323,3619.31323,3619.31323,1772.08998,3619.31323,3454.654,3454.654,821.285,3619.31323,3619.31323,5851.75109,3619.31323,3454.654
5/31/2007,3749.6814,3749.6814,3596.141,3596.141,3749.6814,3749.6814,3749.6814,3749.6814,1833.0769,3749.6814,3596.141,3596.141,850.9081,3749.6814,3749.6814,6072.45197,3749.6814,3596.141
6/29/2007,3678.05718,3678.05718,3543.534,3543.534,3678.05718,3678.05718,3678.05718,3678.05718,1780.92052,3678.05718,3543.534,3543.534,831.0258,3678.05718,3678.05718,5935.53797,3678.05718,3543.534
7/31/2007,3564.44824,3564.44824,3301.175,3301.175,3564.44824,3564.44824,3564.44824,3564.44824,1681.61282,3564.44824,3301.175,3301.175,792.5959,3564.44824,3564.44824,5714.56415,3564.44824,3301.175
8/31/2007,3612.95608,3612.95608,3375.999,3375.999,3612.95608,3612.95608,3612.95608,3612.95608,1676.43428,3612.95608,3375.999,3375.999,801.4774,3612.95608,3612.95608,5724.33263,3612.95608,3375.999
9/28/2007,3750.93005,3750.93005,3433.947,3433.947,3750.93005,3750.93005,3750.93005,3750.93005,1717.72367,3750.93005,3433.947,3433.947,829.0063,3750.93005,3750.93005,5912.60794,3750.93005,3433.947
10/31/2007,3816.32115,3816.32115,3532.469,3532.469,3816.32115,3816.32115,3816.32115,3816.32115,1724.19854,3816.32115,3532.469,3532.469,829.0978,3816.32115,3816.32115,6008.02765,3816.32115,3532.469
11/30/2007,3653.62824,3653.62824,3278.817,3278.817,3653.62824,3653.62824,3653.62824,3653.62824,1633.32289,3653.62824,3278.817,3278.817,788.5765,3653.62824,3653.62824,5721.11144,3653.62824,3278.817
12/31/2007,3629.84036,3629.84036,3276.771,3276.771,3629.84036,3629.84036,3629.84036,3629.84036,1615.24983,3629.84036,3276.771,3276.771,780.9509,3629.84036,3629.84036,5703.00537,3629.84036,3276.771
1/31/2008,3412.23013,3412.23013,3053.31403,3053.31403,3412.23013,3412.23013,3412.23013,3412.23013,1541.65005,3412.23013,3053.31403,3053.31403,749.67154,3412.23013,3412.23013,5331.44737,3412.23013,3053.31403
2/29/2008,3307.9831,3307.9831,2940.13712,2940.13712,3307.9831,3307.9831,3307.9831,3307.9831,1490.8269,3307.9831,2940.13712,2940.13712,718.26195,3307.9831,3307.9831,5209.48585,3307.9831,2940.13712
3/31/2008,3285.56805,3285.56805,2952.45347,2952.45347,3285.56805,3285.56805,3285.56805,3285.56805,1475.62333,3285.56805,2952.45347,2952.45347,712.86132,3285.56805,3285.56805,5134.07471,3285.56805,2952.45347
4/30/2008,3452.16231,3452.16231,3076.07366,3076.07366,3452.16231,3452.16231,3452.16231,3452.16231,1565.56653,3452.16231,3076.07366,3076.07366,747.61025,3452.16231,3452.16231,5481.0119,3452.16231,3076.07366
5/30/2008,3515.46643,3515.46643,3217.37884,3217.37884,3515.46643,3515.46643,3515.46643,3515.46643,1621.13197,3515.46643,3217.37884,3217.37884,746.42362,3515.46643,3515.46643,5729.38798,3515.46643,3217.37884
6/30/2008,3223.4507,3223.4507,2969.67995,2969.67995,3223.4507,3223.4507,3223.4507,3223.4507,1476.61574,3223.4507,2969.67995,2969.67995,674.97494,3223.4507,3223.4507,5271.34343,3223.4507,2969.67995
7/31/2008,3185.96689,3185.96689,3079.5769,3079.5769,3185.96689,3185.96689,3185.96689,3185.96689,1459.64717,3185.96689,3079.5769,3079.5769,672.5384,3185.96689,3185.96689,5137.25776,3185.96689,3079.5769
8/29/2008,3229.83494,3229.83494,3190.88452,3190.88452,3229.83494,3229.83494,3229.83494,3229.83494,1501.35857,3229.83494,3190.88452,3190.88452,683.96344,3229.83494,3229.83494,5232.21357,3229.83494,3190.88452
9/30/2008,2922.12909,2922.12909,2936.6339,2936.6339,2922.12909,2922.12909,2922.12909,2922.12909,1365.52799,2922.12909,2936.6339,2936.6339,633.71157,2922.12909,2922.12909,4590.63965,2922.12909,2936.6339
10/31/2008,2411.90735,2411.90735,2325.72752,2325.72752,2411.90735,2411.90735,2411.90735,2411.90735,1054.75483,2411.90735,2325.72752,2325.72752,524.00836,2411.90735,2411.90735,3564.55605,2411.90735,2325.72752
11/28/2008,2229.51838,2229.51838,2050.62463,2050.62463,2229.51838,2229.51838,2229.51838,2229.51838,948.09508,2229.51838,2050.62463,2050.62463,486.43225,2229.51838,2229.51838,3201.78694,2229.51838,2050.62463
12/31/2008,2265.14391,2265.14391,2169.64514,2169.64514,2265.14391,2265.14391,2265.14391,2265.14391,994.27433,2265.14391,2169.64514,2169.64514,493.18392,2265.14391,2265.14391,3338.55307,2265.14391,2169.64514
1/30/2009,2080.26283,2080.26283,1928.33423,1928.33423,2080.26283,2080.26283,2080.26283,2080.26283,891.59808,2080.26283,1928.33423,1928.33423,436.47297,2080.26283,2080.26283,3091.61865,2080.26283,1928.33423
2/27/2009,1865.19132,1865.19132,1693.99648,1693.99648,1865.19132,1865.19132,1865.19132,1865.19132,780.27352,1865.19132,1693.99648,1693.99648,378.15557,1865.19132,1865.19132,2783.98566,1865.19132,1693.99648
3/31/2009,2028.3241,2028.3241,1845.2143,1845.2143,2028.3241,2028.3241,2028.3241,2028.3241,848.36473,2028.3241,1845.2143,1845.2143,410.48911,2028.3241,2028.3241,3038.81647,2028.3241,1845.2143
4/30/2009,2233.63449,2233.63449,2130.45196,2130.45196,2233.63449,2233.63449,2233.63449,2233.63449,990.02082,2233.63449,2130.45196,2130.45196,454.49011,2233.63449,2233.63449,3505.94016,2233.63449,2130.45196
5/29/2009,2357.25029,2357.25029,2194.68303,2194.68303,2357.25029,2357.25029,2357.25029,2357.25029,1023.96682,2357.25029,2194.68303,2194.68303,482.59386,2357.25029,2357.25029,3658.17648,2357.25029,2194.68303
6/30/2009,2363.01475,2363.01475,2226.91855,2226.91855,2363.01475,2363.01475,2363.01475,2363.01475,1026.0212,2363.01475,2226.91855,2226.91855,479.03016,2363.01475,2363.01475,3670.91345,2363.01475,2226.91855
7/31/2009,2543.34346,2543.34346,2441.39416,2441.39416,2543.34346,2543.34346,2543.34346,2543.34346,1126.687,2543.34346,2441.39416,2441.39416,518.23943,2543.34346,2543.34346,3995.89243,2543.34346,2441.39416
8/31/2009,2635.72687,2635.72687,2511.39994,2511.39994,2635.72687,2635.72687,2635.72687,2635.72687,1201.12821,2635.72687,2511.39994,2511.39994,545.34619,2635.72687,2635.72687,4190.16105,2635.72687,2511.39994
9/30/2009,2742.67503,2742.67503,2656.25006,2656.25006,2742.67503,2742.67503,2742.67503,2742.67503,1268.35234,2742.67503,2656.25006,2656.25006,566.41588,2742.67503,2742.67503,4427.76399,2742.67503,2656.25006
10/30/2009,2682.05155,2682.05155,2475.90366,2475.90366,2682.05155,2682.05155,2682.05155,2682.05155,1207.90379,2682.05155,2475.90366,2475.90366,549.08102,2682.05155,2682.05155,4232.81918,2682.05155,2475.90366
11/30/2009,2840.0415,2840.0415,2553.62335,2553.62335,2840.0415,2840.0415,2840.0415,2840.0415,1268.03425,2840.0415,2553.62335,2553.62335,580.02878,2840.0415,2840.0415,4437.25849,2840.0415,2553.62335
12/31/2009,2909.18381,2909.18381,2759.17489,2759.17489,2909.18381,2909.18381,2909.18381,2909.18381,1334.38447,2909.18381,2759.17489,2759.17489,590.2934,2909.18381,2909.18381,4689.97063,2909.18381,2759.17489
1/29/2010,2804.50174,2804.50174,2657.60564,2657.60564,2804.50174,2804.50174,2804.50174,2804.50174,1297.9966,2804.50174,2657.60564,2657.60564,573.69201,2804.50174,2804.50174,4533.24425,2804.50174,2657.60564
2/26/2010,2896.93506,2896.93506,2777.31961,2777.31961,2896.93506,2896.93506,2896.93506,2896.93506,1363.41574,2896.93506,2777.31961,2777.31961,591.80075,2896.93506,2896.93506,4760.05795,2896.93506,2777.31961
3/31/2010,3074.94191,3074.94191,3003.36196,3003.36196,3074.94191,3074.94191,3074.94191,3074.94191,1462.66872,3074.94191,3003.36196,3003.36196,630.32702,3074.94191,3074.94191,5096.53892,3074.94191,3003.36196
4/30/2010,3131.85406,3131.85406,3173.33493,3173.33493,3131.85406,3131.85406,3131.85406,3131.85406,1528.50004,3131.85406,3173.33493,3173.33493,646.63724,3131.85406,3131.85406,5288.18552,3131.85406,3173.33493
5/31/2010,2883.54888,2883.54888,2932.6269,2932.6269,2883.54888,2883.54888,2883.54888,2883.54888,1409.20263,2883.54888,2932.6269,2932.6269,593.48627,2883.54888,2883.54888,4899.28964,2883.54888,2932.6269
6/30/2010,2723.02261,2723.02261,2705.36594,2705.36594,2723.02261,2723.02261,2723.02261,2723.02261,1322.63266,2723.02261,2705.36594,2705.36594,560.07635,2723.02261,2723.02261,4593.25186,2723.02261,2705.36594
7/30/2010,2912.26545,2912.26545,2891.27676,2891.27676,2912.26545,2912.26545,2912.26545,2912.26545,1421.16395,2912.26545,2891.27676,2891.27676,597.99253,2912.26545,2912.26545,4923.32355,2912.26545,2891.27676
8/31/2010,2782.01297,2782.01297,2677.21261,2677.21261,2782.01297,2782.01297,2782.01297,2782.01297,1357.43421,2782.01297,2677.21261,2677.21261,572.40464,2782.01297,2782.01297,4706.58832,2782.01297,2677.21261
9/30/2010,3037.62202,3037.62202,3010.78356,3010.78356,3037.62202,3037.62202,3037.62202,3037.62202,1483.11533,3037.62202,3010.78356,3010.78356,616.81367,3037.62202,3037.62202,5204.38791,3037.62202,3010.78356
10/29/2010,3155.83635,3155.83635,3133.98917,3133.98917,3155.83635,3155.83635,3155.83635,3155.83635,1539.95582,3155.83635,3133.98917,3133.98917,635.32182,3155.83635,3155.83635,5405.75982,3155.83635,3133.98917
11/30/2010,3166.12776,3166.12776,3242.65583,3242.65583,3166.12776,3166.12776,3166.12776,3166.12776,1547.84264,3166.12776,3242.65583,3242.65583,631.95974,3166.12776,3166.12776,5503.87864,3166.12776,3242.65583
12/31/2010,3377.47652,3377.47652,3500.14829,3500.14829,3377.47652,3377.47652,3377.47652,3377.47652,1664.64792,3377.47652,3500.14829,3500.14829,681.82408,3377.47652,3377.47652,5884.74197,3377.47652,3500.14829
1/31/2011,3458.69843,3458.69843,3491.12921,3491.12921,3458.69843,3458.69843,3458.69843,3458.69843,1702.08285,3458.69843,3491.12921,3491.12921,697.2477,3458.69843,3458.69843,6009.95595,3458.69843,3491.12921
2/28/2011,3579.00232,3579.00232,3682.5879,3682.5879,3579.00232,3579.00232,3579.00232,3579.00232,1762.93481,3579.00232,3682.5879,3682.5879,722.96557,3579.00232,3579.00232,6238.24351,3579.00232,3682.5879
3/31/2011,3588.255,3588.255,3778.0257,3778.0257,3588.255,3588.255,3588.255,3588.255,1788.24686,3588.255,3778.0257,3778.0257,725.83703,3588.255,3588.255,6333.65522,3588.255,3778.0257
4/29/2011,3696.17963,3696.17963,3877.78841,3877.78841,3696.17963,3696.17963,3696.17963,3696.17963,1831.71797,3696.17963,3877.78841,3877.78841,745.16482,3696.17963,3696.17963,6523.28303,3696.17963,3877.78841
5/31/2011,3656.52911,3656.52911,3805.08471,3805.08471,3656.52911,3656.52911,3656.52911,3656.52911,1822.8941,3656.52911,3805.08471,3805.08471,737.29204,3656.52911,3656.52911,6496.09149,3656.52911,3805.08471
6/30/2011,3592.61253,3592.61253,3717.35545,3717.35545,3592.61253,3592.61253,3592.61253,3592.61253,1775.98349,3592.61253,3717.35545,3717.35545,722.17467,3592.61253,3592.61253,6360.41832,3592.61253,3717.35545
7/29/2011,3514.64802,3514.64802,3582.99076,3582.99076,3514.64802,3514.64802,3514.64802,3514.64802,1713.85641,3514.64802,3582.99076,3582.99076,698.22096,3514.64802,3514.64802,6129.84124,3514.64802,3582.99076
8/31/2011,3312.27444,3312.27444,3271.26218,3271.26218,3312.27444,3312.27444,3312.27444,3312.27444,1595.0643,3312.27444,3271.26218,3271.26218,654.64771,3312.27444,3312.27444,5708.38317,3312.27444,3271.26218
9/30/2011,3065.12085,3065.12085,2904.54733,2904.54733,3065.12085,3065.12085,3065.12085,3065.12085,1448.06398,3065.12085,2904.54733,2904.54733,605.17369,3065.12085,3065.12085,5158.60614,3065.12085,2904.54733
10/31/2011,3408.68513,3408.68513,3344.17398,3344.17398,3408.68513,3408.68513,3408.68513,3408.68513,1629.80192,3408.68513,3344.17398,3344.17398,674.46138,3408.68513,3408.68513,5829.87675,3408.68513,3344.17398
11/30/2011,3399.74424,3399.74424,3331.98382,3331.98382,3399.74424,3399.74424,3399.74424,3399.74424,1621.40309,3399.74424,3331.98382,3331.98382,670.96559,3399.74424,3399.74424,5800.69906,3399.74424,3331.98382
12/30/2011,3428.16176,3428.16176,3353.99357,3353.99357,3428.16176,3428.16176,3428.16176,3428.16176,1641.66626,3428.16176,3353.99357,3353.99357,684.48657,3428.16176,3428.16176,5793.69584,3428.16176,3353.99357
1/31/2012,3595.22762,3595.22762,3590.95657,3590.95657,3595.22762,3595.22762,3595.22762,3595.22762,1722.34009,3595.22762,3590.95657,3590.95657,710.38078,3595.22762,3595.22762,6144.97765,3595.22762,3590.95657
2/29/2012,3752.99461,3752.99461,3676.89669,3676.89669,3752.99461,3752.99461,3752.99461,3752.99461,1788.51954,3752.99461,3676.89669,3676.89669,738.69876,3752.99461,3752.99461,6399.91819,3752.99461,3676.89669
3/30/2012,3870.42888,3870.42888,3771.10735,3771.10735,3870.42888,3870.42888,3870.42888,3870.42888,1828.96922,3870.42888,3771.10735,3771.10735,760.59702,3870.42888,3870.42888,6543.29248,3870.42888,3771.10735
4/30/2012,3847.97098,3847.97098,3712.85553,3712.85553,3847.97098,3847.97098,3847.97098,3847.97098,1816.86537,3847.97098,3712.85553,3712.85553,752.84101,3847.97098,3847.97098,6521.62476,3847.97098,3712.85553
5/31/2012,3611.50673,3611.50673,3467.10296,3467.10296,3611.50673,3611.50673,3611.50673,3611.50673,1707.01227,3611.50673,3467.10296,3467.10296,708.69367,3611.50673,3611.50673,6084.20858,3611.50673,3467.10296
6/29/2012,3749.77148,3749.77148,3640.11099,3640.11099,3749.77148,3749.77148,3749.77148,3749.77148,1769.36437,3749.77148,3640.11099,3640.11099,743.87995,3749.77148,3749.77148,6255.34638,3749.77148,3640.11099
7/31/2012,3794.24791,3794.24791,3589.80801,3589.80801,3794.24791,3794.24791,3794.24791,3794.24791,1779.15894,3794.24791,3589.80801,3589.80801,751.57848,3794.24791,3794.24791,6269.78381,3794.24791,3589.80801
8/31/2012,3886.37751,3886.37751,3709.51793,3709.51793,3886.37751,3886.37751,3886.37751,3886.37751,1831.13067,3886.37751,3709.51793,3709.51793,767.89671,3886.37751,3886.37751,6467.438,3886.37751,3709.51793
9/28/2012,3986.34462,3986.34462,3831.33153,3831.33153,3986.34462,3986.34462,3986.34462,3986.34462,1871.9897,3986.34462,3831.33153,3831.33153,792.2716,3986.34462,3986.34462,6604.73385,3986.34462,3831.33153
10/31/2012,3919.04531,3919.04531,3748.21225,3748.21225,3919.04531,3919.04531,3919.04531,3919.04531,1874.05247,3919.04531,3748.21225,3748.21225,788.38228,3919.04531,3919.04531,6537.96361,3919.04531,3748.21225
11/30/2012,3950.18021,3950.18021,3768.12683,3768.12683,3950.18021,3950.18021,3950.18021,3950.18021,1895.43856,3950.18021,3768.12683,3768.12683,788.05484,3950.18021,3950.18021,6645.45569,3950.18021,3768.12683
12/31/2012,3991.14588,3991.14588,3902.36691,3902.36691,3991.14588,3991.14588,3991.14588,3991.14588,1945.46554,3991.14588,3902.36691,3902.36691,804.33166,3991.14588,3991.14588,6794.7055,3991.14588,3902.36691
1/31/2013,4207.60068,4207.60068,4146.62742,4146.62742,4207.60068,4207.60068,4207.60068,4207.60068,2089.89176,4207.60068,4146.62742,4146.62742,856.61021,4207.60068,4207.60068,7259.53133,4207.60068,4146.62742
2/28/2013,4264.13122,4264.13122,4192.36902,4192.36902,4264.13122,4264.13122,4264.13122,4264.13122,2126.7446,4264.13122,4192.36902,4192.36902,868.90581,4264.13122,4264.13122,7362.21513,4264.13122,4192.36902
3/29/2013,4428.75016,4428.75016,4385.94652,4385.94652,4428.75016,4428.75016,4428.75016,4428.75016,2221.93049,4428.75016,4385.94652,4385.94652,903.32877,4428.75016,4428.75016,7675.15135,4428.75016,4385.94652
4/30/2013,4508.72692,4508.72692,4369.83061,4369.83061,4508.72692,4508.72692,4508.72692,4508.72692,2246.80394,4508.72692,4369.83061,4369.83061,916.98841,4508.72692,4508.72692,7773.49802,4508.72692,4369.83061
5/31/2013,4609.01941,4609.01941,4544.48457,4544.48457,4609.01941,4609.01941,4609.01941,4609.01941,2285.86914,4609.01941,4544.48457,4544.48457,940.52358,4609.01941,4609.01941,7940.45311,4609.01941,4544.48457
6/28/2013,4546.20585,4546.20585,4521.23522,4521.23522,4546.20585,4546.20585,4546.20585,4546.20585,2258.6207,4546.20585,4521.23522,4521.23522,932.23379,4546.20585,4546.20585,7844.6436,4546.20585,4521.23522
7/31/2013,4789.46367,4789.46367,4837.64712,4837.64712,4789.46367,4789.46367,4789.46367,4789.46367,2378.99855,4789.46367,4837.64712,4837.64712,982.56842,4789.46367,4789.46367,8299.29423,4789.46367,4837.64712
8/30/2013,4657.3586,4657.3586,4683.99246,4683.99246,4657.3586,4657.3586,4657.3586,4657.3586,2295.75852,4657.3586,4683.99246,4683.99246,945.29321,4657.3586,4657.3586,8078.3911,4657.3586,4683.99246
9/30/2013,4819.75817,4819.75817,4982.8477,4982.8477,4819.75817,4819.75817,4819.75817,4819.75817,2391.76283,4819.75817,4982.8477,4982.8477,968.97341,4819.75817,4819.75817,8448.3274,4819.75817,4982.8477
10/31/2013,5031.92311,5031.92311,5108.14678,5108.14678,5031.92311,5031.92311,5031.92311,5031.92311,2500.90478,5031.92311,5108.14678,5108.14678,1011.40792,5031.92311,5031.92311,8746.87269,5031.92311,5108.14678
11/29/2013,5173.1044,5173.1044,5312.80021,5312.80021,5173.1044,5173.1044,5173.1044,5173.1044,2527.17279,5173.1044,5312.80021,5312.80021,1039.62428,5173.1044,5173.1044,8892.09596,5173.1044,5312.80021
12/31/2013,5312.6625,5312.6625,5417.35712,5417.35712,5312.6625,5312.6625,5312.6625,5312.6625,2596.38207,5312.6625,5417.35712,5417.35712,1065.95462,5312.6625,5312.6625,9156.82027,5312.6625,5417.35712
1/31/2014,5142.98438,5142.98438,5267.40432,5267.40432,5142.98438,5142.98438,5142.98438,5142.98438,2552.58397,5142.98438,5267.40432,5267.40432,1028.09779,5142.98438,5142.98438,8978.58401,5142.98438,5267.40432
2/28/2014,5387.10007,5387.10007,5515.55808,5515.55808,5387.10007,5387.10007,5387.10007,5387.10007,2690.39698,5387.10007,5515.55808,5515.55808,1072.55556,5387.10007,5387.10007,9505.37976,5387.10007,5515.55808
3/31/2014,5421.41317,5421.41317,5477.96309,5477.96309,5421.41317,5421.41317,5421.41317,5421.41317,2731.9226,5421.41317,5477.96309,5477.96309,1098.1613,5421.41317,5421.41317,9479.93552,5421.41317,5477.96309
4/30/2014,5446.92889,5446.92889,5265.52339,5265.52339,5446.92889,5446.92889,5446.92889,5446.92889,2743.24365,5446.92889,5265.52339,5265.52339,1108.59692,5446.92889,5446.92889,9425.46349,5446.92889,5265.52339
5/30/2014,5572.09505,5572.09505,5307.71526,5307.71526,5572.09505,5572.09505,5572.09505,5572.09505,2788.97772,5572.09505,5307.71526,5307.71526,1124.83263,5572.09505,5572.09505,9634.2956,5572.09505,5307.71526
6/30/2014,5698.8352,5698.8352,5590.12293,5590.12293,5698.8352,5698.8352,5698.8352,5698.8352,2885.58042,5698.8352,5590.12293,5590.12293,1154.21402,5698.8352,5698.8352,9951.03638,5698.8352,5590.12293
7/31/2014,5606.68462,5606.68462,5251.75825,5251.75825,5606.68462,5606.68462,5606.68462,5606.68462,2801.48247,5606.68462,5251.75825,5251.75825,1134.54455,5606.68462,5606.68462,9657.20871,5606.68462,5251.75825
8/29/2014,5838.35307,5838.35307,5512.16969,5512.16969,5838.35307,5838.35307,5838.35307,5838.35307,2920.31625,5838.35307,5512.16969,5512.16969,1176.24503,5838.35307,5838.35307,10123.5146,5838.35307,5512.16969
9/30/2014,5736.00073,5736.00073,5178.71422,5178.71422,5736.00073,5736.00073,5736.00073,5736.00073,2809.25605,5736.00073,5178.71422,5178.71422,1151.98134,5736.00073,5736.00073,9785.51469,5736.00073,5178.71422
10/31/2014,5876.1857,5876.1857,5520.09113,5520.09113,5876.1857,5876.1857,5876.1857,5876.1857,2905.48806,5876.1857,5520.09113,5520.09113,1177.8614,5876.1857,5876.1857,10087.1009,5876.1857,5520.09113
11/28/2014,6030.02908,6030.02908,5525.03875,5525.03875,6030.02908,6030.02908,6030.02908,6030.02908,2957.27337,6030.02908,5525.03875,5525.03875,1201.97869,6030.02908,6030.02908,10345.2164,6030.02908,5525.03875
12/31/2014,6015.98086,6015.98086,5682.50236,5682.50236,6015.98086,6015.98086,6015.98086,6015.98086,2979.34265,6015.98086,5682.50236,5682.50236,1209.35165,6015.98086,6015.98086,10367.1298,6015.98086,5682.50236
1/30/2015,5850.73776,5850.73776,5499.71908,5499.71908,5850.73776,5850.73776,5850.73776,5850.73776,2936.82517,5850.73776,5499.71908,5499.71908,1161.00977,5850.73776,5850.73776,10205.3603,5850.73776,5499.71908
2/27/2015,6188.79737,6188.79737,5826.21694,5826.21694,6188.79737,6188.79737,6188.79737,6188.79737,3057.11003,6188.79737,5826.21694,5826.21694,1217.19027,6188.79737,6188.79737,10770.4009,6188.79737,5826.21694
3/31/2015,6111.73069,6111.73069,5927.71721,5927.71721,6111.73069,6111.73069,6111.73069,6111.73069,3051.49512,6111.73069,5927.71721,5927.71721,1200.621,6111.73069,6111.73069,10776.8382,6111.73069,5927.71721
4/30/2015,6155.11608,6155.11608,5776.54352,5776.54352,6155.11608,6155.11608,6155.11608,6155.11608,3016.78228,6155.11608,5776.54352,5776.54352,1211.84607,6155.11608,6155.11608,10678.8887,6155.11608,5776.54352
5/29/2015,6235.6418,6235.6418,5908.42291,5908.42291,6235.6418,6235.6418,6235.6418,6235.6418,3070.25591,6235.6418,5908.42291,5908.42291,1226.40956,6235.6418,6235.6418,10835.3203,6235.6418,5908.42291
6/30/2015,6118.66275,6118.66275,5952.66799,5952.66799,6118.66275,6118.66275,6118.66275,6118.66275,2991.52929,6118.66275,5952.66799,5952.66799,1201.92197,6118.66275,6118.66275,10611.2322,6118.66275,5952.66799
7/31/2015,6236.60048,6236.60048,5883.48694,5883.48694,6236.60048,6236.60048,6236.60048,6236.60048,2987.41432,6236.60048,5883.48694,5883.48694,1207.19176,6236.60048,6236.60048,10689.9376,6236.60048,5883.48694
8/31/2015,5861.44952,5861.44952,5513.76345,5513.76345,5861.44952,5861.44952,5861.44952,5861.44952,2846.14292,5861.44952,5513.76345,5513.76345,1135.29552,5861.44952,5861.44952,10125.839,5861.44952,5513.76345
9/30/2015,5700.8006,5700.8006,5243.24136,5243.24136,5700.8006,5700.8006,5700.8006,5700.8006,2751.12082,5700.8006,5243.24136,5243.24136,1101.02099,5700.8006,5700.8006,9761.27972,5700.8006,5243.24136
10/30/2015,6162.04392,6162.04392,5538.64668,5538.64668,6162.04392,6162.04392,6162.04392,6162.04392,2919.07423,6162.04392,5538.64668,5538.64668,1184.09631,6162.04392,6162.04392,10366.4408,6162.04392,5538.64668
11/30/2015,6182.39986,6182.39986,5718.81224,5718.81224,6182.39986,6182.39986,6182.39986,6182.39986,2927.60511,6182.39986,5718.81224,5718.81224,1188.62822,6182.39986,6182.39986,10392.8571,6182.39986,5718.81224
12/31/2015,6071.17634,6071.17634,5431.67148,5431.67148,6071.17634,6071.17634,6071.17634,6071.17634,2836.9333,6071.17634,5431.67148,5431.67148,1163.06598,6071.17634,6071.17634,10114.3146,6071.17634,5431.67148
1/29/2016,5744.40028,5744.40028,4954.04024,4954.04024,5744.40028,5744.40028,5744.40028,5744.40028,2680.17099,5744.40028,4954.04024,4954.04024,1102.96745,5744.40028,5744.40028,9451.61357,5744.40028,4954.04024
2/29/2016,5742.42923,5742.42923,4953.81865,4953.81865,5742.42923,5742.42923,5742.42923,5742.42923,2698.95953,5742.42923,4953.81865,4953.81865,1102.68886,5742.42923,5742.42923,9558.44568,5742.42923,4953.81865
3/31/2016,6142.45162,6142.45162,5349.1911,5349.1911,6142.45162,6142.45162,6142.45162,6142.45162,2948.10076,6142.45162,5349.1911,5349.1911,1182.12116,6142.45162,6142.45162,10341.3417,6142.45162,5349.1911
4/29/2016,6175.85557,6175.85557,5433.14479,5433.14479,6175.85557,6175.85557,6175.85557,6175.85557,3011.40893,6175.85557,5433.14479,5433.14479,1206.95328,6175.85557,6175.85557,10450.6609,6175.85557,5433.14479
5/31/2016,6284.0058,6284.0058,5555.52541,5555.52541,6284.0058,6284.0058,6284.0058,6284.0058,3060.71785,6284.0058,5555.52541,5555.52541,1225.69978,6284.0058,6284.0058,10622.0491,6284.0058,5555.52541
6/30/2016,6298.23608,6298.23608,5552.02338,5552.02338,6298.23608,6298.23608,6298.23608,6298.23608,3088.62582,6298.23608,5552.02338,5552.02338,1236.2988,6298.23608,6298.23608,10670.4275,6298.23608,5552.02338
7/29/2016,6538.16403,6538.16403,5883.51604,5883.51604,6538.16403,6538.16403,6538.16403,6538.16403,3219.49313,6538.16403,5883.51604,5883.51604,1272.19542,6538.16403,6538.16403,11157.5928,6538.16403,5883.51604
8/31/2016,6546.85046,6546.85046,5987.56141,5987.56141,6546.85046,6546.85046,6546.85046,6546.85046,3212.66081,6546.85046,5987.56141,5987.56141,1282.00457,6546.85046,6546.85046,11129.7222,6546.85046,5987.56141
9/30/2016,6552.03192,6552.03192,6054.25244,6054.25244,6552.03192,6552.03192,6552.03192,6552.03192,3226.04556,6552.03192,6054.25244,6054.25244,1279.33263,6552.03192,6552.03192,11152.2073,6552.03192,6054.25244
10/31/2016,6424.26688,6424.26688,5766.4335,5766.4335,6424.26688,6424.26688,6424.26688,6424.26688,3147.8675,6424.26688,5766.4335,5766.4335,1259.53274,6424.26688,6424.26688,10798.3156,6424.26688,5766.4335
11/30/2016,6677.53464,6677.53464,6409.46095,6409.46095,6677.53464,6677.53464,6677.53464,6677.53464,3344.83097,6677.53464,6409.46095,6409.46095,1331.47033,6677.53464,6677.53464,11380.6554,6677.53464,6409.46095
12/30/2016,6802.98455,6802.98455,6589.05125,6589.05125,6802.98455,6802.98455,6802.98455,6802.98455,3404.24744,6802.98455,6589.05125,6589.05125,1364.74688,6802.98455,6802.98455,11509.9193,6802.98455,6589.05125
1/31/2017,6939.78317,6939.78317,6615.04115,6615.04115,6939.78317,6939.78317,6939.78317,6939.78317,3461.53855,6939.78317,6615.04115,6615.04115,1374.46947,6939.78317,6939.78317,11787.6792,6939.78317,6615.04115
2/28/2017,7208.40848,7208.40848,6742.70363,6742.70363,7208.40848,7208.40848,7208.40848,7208.40848,3558.2155,7208.40848,6742.70363,6742.70363,1423.85949,7208.40848,7208.40848,12121.2388,7208.40848,6742.70363
3/31/2017,7212.9625,7212.9625,6751.52728,6751.52728,7212.9625,7212.9625,7212.9625,7212.9625,3532.28124,7212.9625,6751.52728,6751.52728,1409.35488,7212.9625,7212.9625,12102.2929,7212.9625,6751.52728
4/28/2017,7289.22047,7289.22047,6825.56756,6825.56756,7289.22047,7289.22047,7289.22047,7289.22047,3538.93761,7289.22047,6825.56756,6825.56756,1406.71015,7289.22047,7289.22047,12195.5143,7289.22047,6825.56756
5/31/2017,7382.24757,7382.24757,6686.70789,6686.70789,7382.24757,7382.24757,7382.24757,7382.24757,3527.99001,7382.24757,6686.70789,6686.70789,1405.33123,7382.24757,7382.24757,12306.9052,7382.24757,6686.70789
6/30/2017,7433.79217,7433.79217,6917.85567,6917.85567,7433.79217,7433.79217,7433.79217,7433.79217,3580.50579,7433.79217,6917.85567,6917.85567,1428.3048,7433.79217,7433.79217,12429.3255,7433.79217,6917.85567
7/31/2017,7581.00761,7581.00761,6969.25232,6969.25232,7581.00761,7581.00761,7581.00761,7581.00761,3627.97218,7581.00761,6969.25232,6969.25232,1447.28758,7581.00761,7581.00761,12612.3302,7581.00761,6969.25232
8/31/2017,7604.72147,7604.72147,6880.58942,6880.58942,7604.72147,7604.72147,7604.72147,7604.72147,3560.18066,7604.72147,6880.58942,6880.58942,1430.42911,7604.72147,7604.72147,12514.3127,7604.72147,6880.58942
9/29/2017,7766.66523,7766.66523,7310.00004,7310.00004,7766.66523,7766.66523,7766.66523,7766.66523,3657.27232,7766.66523,7310.00004,7310.00004,1472.7951,7766.66523,7766.66523,12861.0717,7766.66523,7310.00004
10/31/2017,7944.80062,7944.80062,7372.31254,7372.31254,7944.80062,7944.80062,7944.80062,7944.80062,3686.70471,7944.80062,7372.31254,7372.31254,1483.48851,7944.80062,7944.80062,13075.6835,7944.80062,7372.31254
11/30/2017,8187.08591,8187.08591,7584.77811,7584.77811,8187.08591,8187.08591,8187.08591,8187.08591,3811.4234,8187.08591,7584.77811,7584.77811,1528.9152,8187.08591,8187.08591,13515.6447,8187.08591,7584.77811
12/29/2017,8278.35607,8278.35607,7554.16508,7554.16508,8278.35607,8278.35607,8278.35607,8278.35607,3858.51957,8278.35607,7554.16508,7554.16508,1551.23326,8278.35607,8278.35607,13641.2989,8278.35607,7554.16508
1/31/2018,8732.78158,8732.78158,7751.58763,7751.58763,8732.78158,8732.78158,8732.78158,8732.78158,3947.15468,8732.78158,7751.58763,7751.58763,1611.20652,8732.78158,8732.78158,14154.8371,8732.78158,7751.58763
2/28/2018,8412.17182,8412.17182,7451.43331,7451.43331,8412.17182,8412.17182,8412.17182,8412.17182,3752.68361,8412.17182,7451.43331,7451.43331,1534.26974,8412.17182,8412.17182,13570.1476,8412.17182,7451.43331
3/30/2018,8221.23511,8221.23511,7547.80788,7547.80788,8221.23511,8221.23511,8221.23511,8221.23511,3761.93893,8221.23511,7547.80788,7547.80788,1507.28025,8221.23511,8221.23511,13578.5637,8221.23511,7547.80788
4/30/2018,8249.17734,8249.17734,7613.06149,7613.06149,8249.17734,8249.17734,8249.17734,8249.17734,3780.59419,8249.17734,7613.06149,7613.06149,1512.25617,8249.17734,8249.17734,13557.8942,8249.17734,7613.06149
5/31/2018,8459.7467,8459.7467,8075.17852,8075.17852,8459.7467,8459.7467,8459.7467,8459.7467,3821.65175,8459.7467,8075.17852,8075.17852,1521.23317,8459.7467,8459.7467,13865.6282,8459.7467,8075.17852
6/29/2018,8514.45278,8514.45278,8133.04282,8133.04282,8514.45278,8514.45278,8514.45278,8514.45278,3852.45887,8514.45278,8133.04282,8133.04282,1525.00064,8514.45278,8514.45278,13961.343,8514.45278,8133.04282
7/31/2018,8808.29888,8808.29888,8274.78943,8274.78943,8808.29888,8808.29888,8808.29888,8808.29888,3957.17596,8808.29888,8274.78943,8274.78943,1585.35922,8808.29888,8808.29888,14309.1749,8808.29888,8274.78943
8/31/2018,9111.80965,9111.80965,8631.515,8631.515,9111.80965,9111.80965,9111.80965,9111.80965,4011.08374,9111.80965,8631.515,8631.515,1608.7914,9111.80965,9111.80965,14753.6339,9111.80965,8631.515
9/28/2018,9146.40943,9146.40943,8423.90783,8423.90783,9146.40943,9146.40943,9146.40943,9146.40943,3979.41844,9146.40943,8423.90783,8423.90783,1611.9819,9146.40943,9146.40943,14659.0858,9146.40943,8423.90783
10/31/2018,8499.17904,8499.17904,7508.93295,7508.93295,8499.17904,8499.17904,8499.17904,8499.17904,3692.74562,8499.17904,7508.93295,7508.93295,1528.51149,8499.17904,8499.17904,13441.1464,8499.17904,7508.93295
11/30/2018,8672.14271,8672.14271,7628.28675,7628.28675,8672.14271,8672.14271,8672.14271,8672.14271,3781.28137,8672.14271,7628.28675,7628.28675,1574.14545,8672.14271,8672.14271,13771.5129,8672.14271,7628.28675
12/31/2018,7882.31027,7882.31027,6722.15302,6722.15302,7882.31027,7882.31027,7882.31027,7882.31027,3384.32043,7882.31027,6722.15302,6722.15302,1422.9879,7882.31027,7882.31027,12405.6537,7882.31027,6722.15302
1/31/2019,8542.87369,8542.87369,7478.38516,7478.38516,8542.87369,8542.87369,8542.87369,8542.87369,3732.71928,8542.87369,7478.38516,7478.38516,1533.74544,8542.87369,8542.87369,13743.8805,8542.87369,7478.38516
2/28/2019,8832.12238,8832.12238,7867.16995,7867.16995,8832.12238,8832.12238,8832.12238,8832.12238,3851.53603,8832.12238,7867.16995,7867.16995,1582.75096,8832.12238,8832.12238,14334.2311,8832.12238,7867.16995
3/29/2019,8985.88544,8985.88544,7702.51572,7702.51572,8985.88544,8985.88544,8985.88544,8985.88544,3870.72692,8985.88544,7702.51572,7702.51572,1592.8137,8985.88544,8985.88544,14457.1036,8985.88544,7702.51572
4/30/2019,9348.77238,9348.77238,7964.17503,7964.17503,9348.77238,9348.77238,9348.77238,9348.77238,3998.34501,9348.77238,7964.17503,7964.17503,1649.3128,9348.77238,9348.77238,15007.2131,9348.77238,7964.17503
5/31/2019,8753.02905,8753.02905,7344.7796,7344.7796,8753.02905,8753.02905,8753.02905,8753.02905,3741.60423,8753.02905,7344.7796,7344.7796,1543.26671,8753.02905,8753.02905,14086.2941,8753.02905,7344.7796
6/28/2019,9367.52773,9367.52773,7863.8889,7863.8889,9367.52773,9367.52773,9367.52773,9367.52773,3994.28052,9367.52773,7863.8889,7863.8889,1654.04935,9367.52773,9367.52773,15053.8483,9367.52773,7863.8889
7/31/2019,9513.0042,9513.0042,7909.16379,7909.16379,9513.0042,9513.0042,9513.0042,9513.0042,4027.4926,9513.0042,7909.16379,7909.16379,1667.75962,9513.0042,9513.0042,15268.8002,9513.0042,7909.16379
8/30/2019,9338.76856,9338.76856,7518.65505,7518.65505,9338.76856,9338.76856,9338.76856,9338.76856,3885.50477,9338.76856,7518.65505,7518.65505,1618.71906,9338.76856,9338.76856,14833.9024,9338.76856,7518.65505
9/30/2019,9500.64184,9500.64184,7675.09206,7675.09206,9500.64184,9500.64184,9500.64184,9500.64184,4043.16014,9500.64184,7675.09206,7675.09206,1676.47088,9500.64184,9500.64184,15126.0343,9500.64184,7675.09206
10/31/2019,9701.99363,9701.99363,7877.2258,7877.2258,9701.99363,9701.99363,9701.99363,9701.99363,4064.87956,9701.99363,7877.2258,7877.2258,1699.90446,9701.99363,9701.99363,15285.0879,9701.99363,7877.2258
11/29/2019,10068.6463,10068.6463,8201.49017,8201.49017,10068.6463,10068.6463,10068.6463,10068.6463,4173.2623,10068.6463,8201.49017,8201.49017,1752.45916,10068.6463,10068.6463,15831.3619,10068.6463,8201.49017
12/31/2019,10359.4151,10359.4151,8437.97629,8437.97629,10359.4151,10359.4151,10359.4151,10359.4151,4300.18816,10359.4151,8437.97629,8437.97629,1800.66799,10359.4151,10359.4151,16194.5785,10359.4151,8437.97629
1/31/2020,10370.5968,10370.5968,8167.35748,8167.35748,10370.5968,10370.5968,10370.5968,10370.5968,4216.53464,10370.5968,8167.35748,8167.35748,1761.92965,10370.5968,10370.5968,16064.7634,10370.5968,8167.35748
2/28/2020,9523.14084,9523.14084,7479.81172,7479.81172,9523.14084,9523.14084,9523.14084,9523.14084,3798.96583,9523.14084,7479.81172,7479.81172,1591.29339,9523.14084,9523.14084,14669.3561,9523.14084,7479.81172
3/31/2020,8264.66348,8264.66348,5854.71153,5854.71153,8264.66348,8264.66348,8264.66348,8264.66348,2936.69048,8264.66348,5854.71153,5854.71153,1319.35012,8264.66348,8264.66348,11810.5022,8264.66348,5854.71153
4/30/2020,9356.77911,9356.77911,6658.88136,6658.88136,9356.77911,9356.77911,9356.77911,9356.77911,3328.88509,9356.77911,6658.88136,6658.88136,1467.67383,9356.77911,9356.77911,13506.7005,9356.77911,6658.88136
5/29/2020,9850.4558,9850.4558,7092.20626,7092.20626,9850.4558,9850.4558,9850.4558,9850.4558,3483.18616,9850.4558,7092.20626,7092.20626,1517.96869,9850.4558,9850.4558,14456.2169,9850.4558,7092.20626
6/30/2020,10068.2863,10068.2863,7342.89796,7342.89796,10068.2863,10068.2863,10068.2863,10068.2863,3522.4752,10068.2863,7342.89796,7342.89796,1507.89296,10068.2863,10068.2863,14716.6576,10068.2863,7342.89796
7/31/2020,10657.8454,10657.8454,7546.13701,7546.13701,10657.8454,10657.8454,10657.8454,10657.8454,3688.81682,10657.8454,7546.13701,7546.13701,1567.50522,10657.8454,10657.8454,15580.8259,10657.8454,7546.13701
8/31/2020,11440.0998,11440.0998,7971.31224,7971.31224,11440.0998,11440.0998,11440.0998,11440.0998,3834.87334,11440.0998,7971.31224,7971.31224,1632.32154,11440.0998,11440.0998,16128.6379,11440.0998,7971.31224
9/30/2020,11021.98949,11021.98949,7705.04407,7705.04407,11021.98949,11021.98949,11021.98949,11021.98949,3748.00761,11021.98949,7705.04407,7705.04407,1592.22633,11021.98949,11021.98949,15814.6317,11021.98949,7705.04407
10/30/2020,10756.1968,10756.1968,7866.41753,7866.41753,10756.1968,10756.1968,10756.1968,10756.1968,3782.87947,10756.1968,7866.41753,7866.41753,1571.30029,10756.1968,10756.1968,15915.45147,10756.1968,7866.41753
11/30/2020,12022.8157,12022.8157,9316.39331,9316.39331,12022.8157,12022.8157,12022.8157,12022.8157,4314.04336,12022.8157,9316.39331,9316.39331,1782.66214,12022.8157,12022.8157,18115.29269,12022.8157,9316.39331
12/31/2020,12531.08806,12531.08806,10122.26534,10122.26534,12531.08806,12531.08806,12531.08806,12531.08806,4513.67612,12531.08806,10122.26534,10122.26534,1851.00846,12531.08806,12531.08806,18963.99081,12531.08806,10122.26534
1/29/2021,12427.88245,12427.88245,10631.64062,10631.64062,12427.88245,12427.88245,12427.88245,12427.88245,4503.33852,12427.88245,10631.64062,10631.64062,1834.05668,12427.88245,12427.88245,18913.83744,12427.88245,10631.64062
2/26/2021,12788.04926,12788.04926,11294.25916,11294.25916,12788.04926,12788.04926,12788.04926,12788.04926,4852.18937,12788.04926,11294.25916,11294.25916,1944.89399,12788.04926,12788.04926,19967.17873,12788.04926,11294.25916
3/31/2021,13271.99163,13271.99163,11407.69537,11407.69537,13271.99163,13271.99163,13271.99163,13271.99163,5102.7742,13271.99163,11407.69537,11407.69537,2059.3395,13271.99163,13271.99163,20507.4707,13271.99163,11407.69537
4/30/2021,13986.43059,13986.43059,11647.24449,11647.24449,13986.43059,13986.43059,13986.43059,13986.43059,5349.52249,13986.43059,11647.24449,11647.24449,2141.69524,13986.43059,13986.43059,21552.63597,13986.43059,11647.24449
5/31/2021,14052.82446,14052.82446,11671.25706,11671.25706,14052.82446,14052.82446,14052.82446,14052.82446,5455.13914,14052.82446,11671.25706,11671.25706,2191.69177,14052.82446,14052.82446,21725.60371,14052.82446,11671.25706
6/30/2021,14404.94957,14404.94957,11897.38176,11897.38176,14404.94957,14404.94957,14404.94957,14404.94957,5391.64663,14404.94957,11897.38176,11897.38176,2166.59349,14404.94957,14404.94957,22045.37152,14404.94957,11897.38176
7/30/2021,14704.19466,14704.19466,11467.78239,11467.78239,14704.19466,14704.19466,14704.19466,14704.19466,5424.96928,14704.19466,11467.78239,11467.78239,2183.90972,14704.19466,14704.19466,22214.974,14704.19466,11467.78239
8/31/2021,15129.76835,15129.76835,11724.29754,11724.29754,15129.76835,15129.76835,15129.76835,15129.76835,5541.23329,15129.76835,11724.29754,11724.29754,2227.21955,15129.76835,15129.76835,22779.73569,15129.76835,11724.29754
9/30/2021,14434.79653,14434.79653,11378.60846,11378.60846,14434.79653,14434.79653,14434.79653,14434.79653,5337.11629,14434.79653,11378.60846,11378.60846,2149.69461,14434.79653,14434.79653,21841.23581,14434.79653,11378.60846
10/29/2021,15436.38713,15436.38713,11862.64744,11862.64744,15436.38713,15436.38713,15436.38713,15436.38713,5621.31123,15436.38713,11862.64744,11862.64744,2258.8507,15436.38713,15436.38713,23140.34373,15436.38713,11862.64744
11/30/2021,15229.31572,15229.31572,11368.33376,11368.33376,15229.31572,15229.31572,15229.31572,15229.31572,5450.49381,15229.31572,11368.33376,11368.33376,2179.2487,15229.31572,15229.31572,22334.59509,15229.31572,11368.33376
12/31/2021,15846.18628,15846.18628,11622.28381,11622.28381,15846.18628,15846.18628,15846.18628,15846.18628,5792.75473,15846.18628,11622.28381,11622.28381,2316.72943,15846.18628,15846.18628,23246.83048,15846.18628,11622.28381