Date,MSCI US Minimum Volatility,MSCI US,MSCI US Momentum,MSCI US Quality,MSCI US High Dividend Yield,MSCI US Value,MSCI US Small Cap,MSCI US Equal Weight
"Jun 30, 1994",419.991,414.388,154.736,209.467,406.212,592.169,67.819,438.422
"Jul 29, 1994",430.102,427.442,159.462,214.238,416.972,610.769,69.265,453.331
"Aug 31, 1994",442.821,443.324,166.509,226.912,428.839,626.936,73.727,473.073
"Sep 30, 1994",438.976,433,161.408,224.901,419.767,603.99,72.533,460.635
"Oct 31, 1994",440.705,442,164.207,232.265,425.403,617.713,72.596,465.615
"Nov 30, 1994",422.71,425.963,155.712,229.605,411.538,591.901,69.202,444.475
"Dec 30, 1994",430.736,431.264,158.06,231.174,410.617,597.336,70.396,449.896
"Jan 31, 1995",439.603,442.209,159.89,238.051,429.091,613.312,69.453,459.97
"Feb 28, 1995",453.957,458.693,166.192,246.592,439.929,636.999,72.344,479.423
"Mar 31, 1995",466.344,470.035,173.507,253.537,447.287,651.991,73.539,491.723
"Apr 28, 1995",478.155,483.842,180.889,261.625,460.435,672.687,74.859,502.324
"May 31, 1995",492.605,501.775,187.201,271.72,482.244,698.397,75.99,519.538
"Jun 30, 1995",498.349,513.16,193.942,283.775,483.647,707.633,79.195,531.977
"Jul 31, 1995",513.307,529.623,200.649,292.465,492.287,733.239,83.721,550.324
"Aug 31, 1995",514.641,528.691,199.06,290.085,496.174,737.393,85.041,553.897
"Sep 29, 1995",533.258,551.427,208.182,302.635,524.166,761.057,86.424,568.384
"Oct 31, 1995",532.988,550.189,213.918,308.737,525.827,748.806,82.338,557.724
"Nov 30, 1995",558.372,573.394,219.585,318.791,547.823,785.546,85.418,585.75
"Dec 29, 1995",572.184,581.071,221.141,317.841,569.005,801.314,87.115,591.247
"Jan 31, 1996",591.917,600.799,231.673,329.942,582.207,825.176,86.675,608.344
"Feb 29, 1996",588.219,606.038,235.457,334.84,583.297,829.974,89.063,616.643
"Mar 29, 1996",593.171,611.159,234.736,332.796,588.007,842.97,90.635,627.718
"Apr 30, 1996",592.987,619.162,238.797,342.044,589.913,853.279,94.217,644.014
"May 31, 1996",601.016,634.651,248.193,355.223,597.061,861.039,96.794,653.554
"Jun 28, 1996",602.467,637.351,251.403,359.048,601.475,857.02,93.777,646.759
"Jul 31, 1996",577.413,608.263,241.335,346.936,581.073,816.762,87.304,612.317
"Aug 30, 1996",586.319,620.827,247.175,351.928,585.876,838.321,91.766,634.645
"Sep 30, 1996",608.909,654.551,263.463,376.462,610.127,870.888,94.532,661.492
"Oct 31, 1996",615.318,670.235,271.427,381.339,639.536,899.96,94.092,670.261
"Nov 29, 1996",652.686,719.848,290.403,415.187,678.215,966.513,98.24,712.724
"Dec 31, 1996",641.876,705.16,282.675,407.84,672.249,948.471,100,701.54
"Jan 31, 1997",671.128,752.397,308.236,442.747,709.488,996.468,103.5,730.93
"Feb 28, 1997",678.333,756.645,308.601,442.037,725.856,1000.021,100.565,735.847
"Mar 31, 1997",648.09,721.7,291.437,418.297,686.467,963.619,93.867,708.225
"Apr 30, 1997",676.186,768.16,320.225,454.489,710.307,1002.129,93.357,731.138
"May 30, 1997",714.434,810.584,336.102,479.557,750.988,1058.173,105.089,779.134
"Jun 30, 1997",746.524,846.458,354.255,500.853,781.59,1096.299,110.028,806.538
"Jul 31, 1997",788.379,912.322,383.832,536.566,828.325,1189.683,117.394,869.871
"Aug 29, 1997",743.383,857.096,354.438,501.236,790.038,1133.449,119.435,841.191
"Sep 30, 1997",781.388,900.777,373.482,520.495,832.006,1196.523,127.756,886.968
"Oct 31, 1997",765.323,875.148,362.194,507.314,819.865,1165.977,121.117,855.818
"Nov 28, 1997",802.643,916.448,375.815,532.177,856.958,1211.779,119.39,883.56
"Dec 31, 1997",817.595,928.912,381.85,535.055,876.672,1240.009,118.906,894.217
"Jan 30, 1998",819.222,939.785,391.852,553.575,868.019,1224.809,116.516,889.425
"Feb 27, 1998",862.955,1004.607,416.431,593.42,911.382,1304.285,126.045,957.506
"Mar 31, 1998",911.871,1055.594,443.778,620.806,963.649,1368.271,130.421,1006.181
"Apr 30, 1998",902.869,1066.85,461.604,625.947,955.595,1395.579,132.563,1010.698
"May 29, 1998",892.397,1044.326,449.822,613.619,946.997,1361.25,124.919,982.465
"Jun 30, 1998",919.013,1088.091,484.033,653.789,951.071,1372.307,124.137,989.658
"Jul 31, 1998",892.171,1076.185,491.274,656.688,934.514,1350.982,113.021,946.291
"Aug 31, 1998",810.086,925.238,413.469,570.077,829.409,1136.636,89.652,809.413
"Sep 30, 1998",856.177,984.895,432.802,620.005,892.075,1197.024,95.404,861.289
"Oct 30, 1998",906.576,1059.963,472.791,666.164,941.547,1294.138,100.955,929.098
"Nov 30, 1998",948.464,1130.791,511.386,721.196,986.936,1365.528,107.524,972.527
"Dec 31, 1998",986.132,1196.343,563.18,769.433,1000,1402.183,112.296,1000
"Jan 29, 1999",1000.07,1246.747,587.011,803.187,996.718,1435.638,114.375,1000.934
"Feb 26, 1999",972.007,1210.633,572.084,772.999,967.509,1421.963,104.085,981.173
"Mar 31, 1999",991.904,1259.662,604.576,800.484,962.808,1455.976,104.552,1005.62
"Apr 30, 1999",1035.162,1303.917,606.015,807.083,1057.913,1582.768,112.329,1114.263
"May 31, 1999",1024.268,1272.252,588.87,788.365,1037.362,1552.666,116.155,1102.15
"Jun 30, 1999",1041.614,1339.359,636.317,835.752,1063.202,1594.268,123.156,1140.006
"Jul 30, 1999",1016.431,1294.606,614.773,813.63,1027.834,1548.585,124.654,1106.759
"Aug 31, 1999",997.065,1285.056,611.694,821.858,978.696,1496.355,120.572,1071.162
"Sep 30, 1999",960.568,1245.592,609.853,791.013,936.973,1425.719,120.18,1027.343
"Oct 29, 1999",1017.35,1325.737,660.109,836.151,971.125,1504.223,119.041,1069.103
"Nov 30, 1999",1012.32,1352.837,687,861.202,962.518,1497.559,130.083,1069.056
"Dec 31, 1999",1044.253,1445.856,785.892,914.907,928.892,1526.24,148.868,1126.5
"Jan 31, 2000",1004.71,1367.098,731.69,858.28,895.609,1477.434,146.084,1056.126
"Feb 29, 2000",951.973,1333.279,757.06,847.942,799.181,1378.161,180.277,1021.81
"Mar 31, 2000",1041.501,1465.047,827.092,920.641,894.333,1520.109,163.431,1127.986
"Apr 28, 2000",1032.858,1416.34,783.384,891.701,890.542,1522.257,151.816,1141.544
"May 31, 2000",1021.022,1377.567,734.758,869.939,903.675,1523.029,144.787,1148.571
"Jun 30, 2000",1013.496,1409.306,778.726,926.156,842.474,1482.883,153.819,1111.716
"Jul 31, 2000",1001.627,1382.781,764.952,895.024,839.173,1493.893,150.387,1120.354
"Aug 31, 2000",1051.424,1453.345,826.683,929.624,871.81,1566.599,164.782,1186.633
"Sep 29, 2000",1046.139,1373.016,749.753,880.167,910.141,1556.274,164.155,1156.66
"Oct 31, 2000",1059.32,1361.95,715.762,896.164,961.275,1577.304,161.895,1169.843
"Nov 30, 2000",1022.851,1253.096,685.344,842.397,945.963,1481.56,145.194,1114.082
"Dec 29, 2000",1054.856,1249.864,706.714,820.687,984.773,1541.251,159.019,1170.277
"Jan 31, 2001",1039.53,1294.402,678.088,843.189,965.803,1567.994,167.004,1240.869
"Feb 28, 2001",1003.214,1177.196,622.437,761.83,958.272,1487.754,159.977,1165.952
"Mar 30, 2001",956.701,1101.098,573.757,707.824,932.063,1427.73,155.541,1090.63
"Apr 30, 2001",1008.377,1185.823,615.099,754.94,958.465,1519.072,165.582,1178.064
"May 31, 2001",1025.233,1191.158,614.853,757.87,977.993,1536.579,169.962,1198.157
"Jun 29, 2001",984.615,1163.136,593.274,738.894,946.196,1498.334,177.57,1167.696
"Jul 31, 2001",990.966,1151.133,591.487,749.396,960.062,1479.172,173.669,1152.259
"Aug 31, 2001",954.957,1072.997,574.667,703.134,928.657,1387.048,169.814,1092.561
"Sep 28, 2001",906.217,989.92,536.792,662.862,903.224,1273.948,146.901,949.114
"Oct 31, 2001",894.406,1003.341,532.998,679.692,875.125,1254.421,159.246,977.69
"Nov 30, 2001",941.494,1078.989,567.058,732.512,903.805,1326.13,172.807,1079.79
"Dec 31, 2001",953.88,1084.544,575.561,734.004,915.299,1336.63,184.102,1111.624
"Jan 31, 2002",944.666,1068.133,582.173,739.61,912.47,1319.748,179.969,1099.928
"Feb 28, 2002",954.165,1045.597,587.15,727.742,930.748,1273.46,174.504,1074.458
"Mar 29, 2002",983.617,1083.675,606.789,743.608,955.132,1353.079,189.795,1151.231
"Apr 30, 2002",949.57,1012.51,606.791,694.439,922.644,1280.005,189.82,1094.62
"May 31, 2002",946.279,1003.402,606.945,685.691,932.466,1273.922,180.751,1074.191
"Jun 28, 2002",892.498,925.676,575.012,637.133,879.383,1180.215,169.168,972.398
"Jul 31, 2002",834.136,858.154,539.462,598.554,833.397,1058.434,145.777,875.506
"Aug 30, 2002",839.82,860.888,545.365,601.837,828.72,1060.704,146.075,872.249
"Sep 30, 2002",757.866,762.564,509.239,539.788,726.732,934.437,135.071,763.783
"Oct 31, 2002",789.873,830.633,514.231,594.218,766.497,1012.939,139.486,820.757
"Nov 29, 2002",808.288,879.095,507.389,615.287,795.825,1092.444,151.265,910.091
"Dec 31, 2002",790.173,824.583,496.527,582.34,769.806,1015.105,139.949,857.577
"Jan 31, 2003",762.986,803.601,487.191,563.374,746.656,992.671,136.395,839.236
"Feb 28, 2003",743.769,789.797,482.339,556.574,726.382,965.955,132.487,819.442
"Mar 31, 2003",748.679,796.075,486.858,563.753,730.995,960.166,134.151,823.304
"Apr 30, 2003",798.431,861.537,516.031,597.662,793.769,1059.224,149.373,901.775
"May 30, 2003",831.903,906.164,539.502,622.202,829.692,1135.463,167.158,984.795
"Jun 30, 2003",837.15,916.093,547.652,628.578,841.026,1148.015,169.211,988.512
"Jul 31, 2003",838.402,931.836,562.042,627.662,829.776,1159.169,177.557,1012.84
"Aug 29, 2003",843.534,947.8,569.59,636.744,839.709,1177.162,187.992,1052.469
"Sep 30, 2003",839.552,935.569,564.718,630.939,834.035,1163.676,184.256,1032.254
"Oct 31, 2003",875.478,987.494,599.686,656.686,862.075,1221.856,202.007,1104.439
"Nov 28, 2003",885.173,995.401,605.274,658.792,864.724,1234.522,209.056,1124.513
"Dec 31, 2003",925.504,1045.407,617.678,687.927,926.201,1319.46,213.313,1175.176
"Jan 30, 2004",937.206,1063.191,632.822,692.701,936.765,1336.923,222.376,1201.285
"Feb 27, 2004",953.951,1074.308,640.811,702.833,946.451,1357.441,224.479,1219.535
"Mar 31, 2004",949.21,1055.863,636.95,690.345,928.554,1335.775,227.902,1208.539
"Apr 30, 2004",934.919,1038.462,608.376,700.936,920.661,1308.012,214.861,1180.613
"May 31, 2004",941.21,1050.601,622.721,701.369,920.446,1315.359,219.376,1200.261
"Jun 30, 2004",952.075,1068.877,641.221,709.907,937.907,1346.502,227.43,1226.729
"Jul 30, 2004",928.932,1031.192,609.125,686.794,926.947,1325.423,213.709,1172.277
"Aug 31, 2004",948.156,1034.652,613.015,690.089,947.569,1343.682,211.695,1172.963
"Sep 30, 2004",954.256,1044.473,645.558,688.431,945.259,1352.048,221.446,1206.544
"Oct 29, 2004",964.475,1059.113,650.237,691.252,946.108,1369.099,225.838,1235.861
"Nov 30, 2004",1005.091,1100.656,699.598,714.614,976.187,1427.155,243.566,1302.5
"Dec 31, 2004",1037.043,1137.429,712.357,745.647,1004.712,1472.727,251.755,1350.691
"Jan 31, 2005",1017.846,1108.199,697.33,736.486,983.081,1441.585,240.643,1309.915
"Feb 28, 2005",1036.831,1128.941,737.889,754.351,1019.362,1481.33,245.444,1337.478
"Mar 31, 2005",1024.841,1109.27,729.712,744.987,999.879,1454.762,237.54,1319.74
"Apr 29, 2005",1024.629,1087.919,700.943,727.908,999.911,1430.272,224.722,1282.364
"May 31, 2005",1044.753,1121.502,726.557,747.284,1008.378,1456.021,239.469,1335.518
"Jun 30, 2005",1048.354,1122.569,752.232,737.537,1002.078,1461.643,247.185,1356.487
"Jul 29, 2005",1076.395,1163.422,783.171,763.265,1012.8,1495.68,262.357,1426.195
"Aug 31, 2005",1061.832,1150.246,795.243,750.563,1000.365,1479.445,258.36,1410.467
"Sep 30, 2005",1064.741,1158.745,826.228,748.925,1006.783,1497.254,259.809,1421.241
"Oct 31, 2005",1048.849,1138.513,800.745,737.621,980.449,1462.127,252.012,1384.867
"Nov 30, 2005",1076.988,1181.544,824.394,758.359,1003.665,1510.419,264.412,1445.401
"Dec 30, 2005",1081.801,1180.64,837.612,751.843,1009.247,1518.84,263.587,1452.738
"Jan 31, 2006",1104.915,1211.664,892.301,763.195,1023.353,1556.576,284.906,1510.679
"Feb 28, 2006",1106.602,1210.228,858.067,762.335,1032.139,1565.778,284.094,1506.345
"Mar 31, 2006",1112.247,1224.079,872.334,766.171,1038.6,1582.374,296.889,1532.334
"Apr 28, 2006",1117.541,1238.714,882.509,763.196,1068.485,1620.735,296.889,1547.65
"May 31, 2006",1093.184,1199.466,845.138,739.677,1039.399,1576.282,279.761,1495.01
"Jun 30, 2006",1101.316,1199.293,852.11,742.51,1042.166,1581.631,278.505,1491.25
"Jul 31, 2006",1121.59,1202.076,823.856,746.475,1078.393,1620.813,269.26,1463.797
"Aug 31, 2006",1139.399,1228.159,816.661,764.512,1099.594,1648.075,276.13,1498.687
"Sep 29, 2006",1153.741,1257.932,832.043,778.541,1117.045,1684.371,279.048,1531.224
"Oct 31, 2006",1186.383,1299.627,871.79,809.288,1140.019,1737.66,292.759,1591.23
"Nov 30, 2006",1204.995,1322.19,906.839,824.702,1151.792,1764.179,299.53,1635.871
"Dec 29, 2006",1216.861,1336.296,917.722,827.721,1183.199,1801.732,299.178,1640.16
"Jan 31, 2007",1237.031,1359.127,951.487,837.991,1191.295,1820.106,303.525,1686.898
"Feb 28, 2007",1218.432,1331.224,922.792,814.139,1166.453,1785.195,301.45,1682.808
"Mar 30, 2007",1223.579,1343.991,942.779,821.708,1178.665,1810.945,304.9,1693.02
"Apr 30, 2007",1267.971,1400.303,977.363,863.296,1225.658,1883.79,311.923,1759.677
"May 31, 2007",1297.159,1446.191,1011.654,891.261,1254.46,1944.384,324.861,1823.402
"Jun 29, 2007",1255.676,1420.267,982.637,878.433,1219.963,1898.516,319.44,1786.756
"Jul 31, 2007",1215.902,1374.905,949.838,863.802,1171.23,1811.366,295.683,1710.285
"Aug 31, 2007",1237.434,1392.879,960.852,884.193,1196.242,1832.632,298.547,1715.163
"Sep 28, 2007",1280.305,1443.577,1027.779,912.159,1226.563,1890.421,303.651,1762.612
"Oct 31, 2007",1294.673,1466.404,1072.536,927.04,1222.005,1890.059,309.94,1785.075
"Nov 30, 2007",1259.715,1401.262,1035.747,897.131,1181.181,1790.374,289.431,1695.647
"Dec 31, 2007",1242.666,1390.914,1067.422,899.624,1144.287,1762.065,287.247,1672.351
"Jan 31, 2008",1184.091,1304.909,943.226,834.866,1111.14,1687.097,269.535,1584.585
"Feb 29, 2008",1145.23,1261.497,938.316,822.574,1043.62,1601.273,260.979,1536.567
"Mar 31, 2008",1143.141,1254.78,933.475,817.899,1053.393,1593.314,258.371,1510.342
"Apr 30, 2008",1190.356,1315.438,1011.161,844.657,1067.993,1654.172,273.027,1593.322
"May 30, 2008",1199.699,1333.647,1050.986,865.524,1051.118,1639.634,287.072,1641.261
"Jun 30, 2008",1117.238,1222.792,1035.9,808.453,941.773,1477.212,262.723,1483.936
"Jul 31, 2008",1137.008,1207.12,940.685,801.012,968.068,1467.364,265.397,1458.665
"Aug 29, 2008",1155.48,1221.056,932.19,817.072,984.054,1484.821,273.038,1483.995
"Sep 30, 2008",1120.134,1107.004,786.916,757.26,955.612,1385.215,245.559,1312.086
"Oct 31, 2008",955.652,916.078,672.706,642.028,833.999,1160.453,193.35,1027.871
"Nov 28, 2008",904.01,845.76,614.669,609.238,790.057,1089.607,172.074,930.434
"Dec 31, 2008",901.481,854.353,622.695,614.731,794.071,1099.802,181.342,973.091
"Jan 30, 2009",819.756,783.634,564.843,586.565,675.854,969.232,164.843,894.088
"Feb 27, 2009",738.126,700.713,507.491,535.333,583.244,832.868,145.78,797.215
"Mar 31, 2009",785.532,759.242,538.868,580.639,640.479,904.802,159.639,871.563
"Apr 30, 2009",841.128,830.83,568.842,620.812,703.63,995.238,187.302,1023.648
"May 29, 2009",875.847,874.297,592.95,651.362,750.502,1057.42,194.602,1079.534
"Jun 30, 2009",883.939,874.74,606.499,660.155,750.13,1044.754,196.441,1076.733
"Jul 31, 2009",938.023,939.39,646.029,697.603,806.648,1125.874,214.889,1169.881
"Aug 31, 2009",963.864,969.811,653.353,711.127,822.466,1179.461,224.772,1221.625
"Sep 30, 2009",996.203,1005.903,677.885,733.767,849.971,1214.731,238.316,1286.699
"Oct 30, 2009",969.726,985.236,657.515,734.058,835.858,1181.496,223.719,1241.213
"Nov 30, 2009",1023.023,1041.337,701.799,776.674,889.286,1248.167,232.125,1304.273
"Dec 31, 2009",1040.593,1061.131,721.627,791.261,900.552,1257.129,249.384,1361.302
"Jan 29, 2010",1012.13,1022.882,675.018,756.564,878.219,1228.309,240.994,1315.28
"Feb 26, 2010",1031.368,1052.029,706.715,772.077,889.362,1253.707,252.389,1369.197
"Mar 31, 2010",1066.854,1113.356,758.09,808.859,933.309,1327.644,272.173,1457.27
"Apr 30, 2010",1074.139,1130.033,762.065,815.776,944.465,1345.666,286.686,1497.334
"May 31, 2010",1008.895,1036.599,709.22,746.725,877.112,1236.49,264.31,1381.744
"Jun 30, 2010",990.257,979.885,670.061,716.293,851.757,1172.951,244.432,1299.06
"Jul 30, 2010",1035.511,1047.142,721.382,759.333,904.892,1249.388,261.701,1390.13
"Aug 31, 2010",1019.365,998.278,688.464,731.317,889.398,1194.557,245.221,1328.914
"Sep 30, 2010",1089.167,1087.338,759.338,803.641,946.827,1280.257,273.52,1462.764
"Oct 29, 2010",1122.232,1128.871,796.444,839.192,971.625,1311.805,283.817,1517.965
"Nov 30, 2010",1110.393,1127.5,809.737,836.045,959.38,1300.359,292.387,1530.801
"Dec 31, 2010",1162.868,1200.996,842.318,872.093,1006.45,1399.572,315.044,1631.954
"Jan 31, 2011",1159.126,1228.569,846.228,882.799,1016.544,1437.033,318.741,1667.754
"Feb 28, 2011",1192.131,1267.03,879.033,905.438,1055.675,1491.681,334.551,1727.65
"Mar 31, 2011",1208.073,1266.63,895.498,904.131,1065.666,1487.049,341.559,1743.699
"Apr 29, 2011",1254.336,1303.974,929.258,944.153,1112.312,1529.541,351.266,1799.47
"May 31, 2011",1265.256,1287.009,923.491,940.283,1107.41,1502.245,345.783,1789.829
"Jun 30, 2011",1247.726,1263.125,916.027,933.703,1091.652,1469.305,337.873,1750.625
"Jul 29, 2011",1203.987,1237.126,898.003,930.241,1063.609,1416.539,324.982,1693.329
"Aug 31, 2011",1197.652,1165.71,845.22,889.987,1037.985,1333.727,296.94,1583.067
"Sep 30, 2011",1162.538,1080.155,801.317,847.168,994.962,1239.756,263.904,1435.26
"Oct 31, 2011",1236.297,1197.165,866.538,922.213,1067.52,1361.944,303.086,1619.355
"Nov 30, 2011",1247.102,1190.522,867.694,924.085,1079.548,1351.228,301.725,1607.038
"Dec 30, 2011",1276.344,1199.646,876.854,925.843,1112.039,1380.959,301.343,1601.021
"Jan 31, 2012",1293.089,1254.697,893.218,974.033,1117.129,1422.751,322.391,1698.225
"Feb 29, 2012",1317.929,1306.743,936.247,1010.589,1147.376,1474.392,334.091,1767.757
"Mar 30, 2012",1348.371,1346.479,975.011,1045.597,1171.577,1515.534,341.016,1804.6
"Apr 30, 2012",1364.554,1336.754,991.743,1041.236,1171.507,1498.409,337.942,1791.986
"May 31, 2012",1327.032,1251.287,943.067,978.891,1119.017,1405.699,314.601,1663.198
"Jun 29, 2012",1374.411,1298.655,970.45,1006.762,1173.261,1470.019,325.895,1714.127
"Jul 31, 2012",1398.209,1314.625,982.587,1016.692,1198.18,1485.659,323.098,1718.108
"Aug 31, 2012",1394.27,1341.924,993.494,1042.058,1198.249,1501.122,334.354,1764.523
"Sep 28, 2012",1411.255,1373.925,1010.023,1062.094,1220.144,1542.361,342.676,1800.356
"Oct 31, 2012",1394.889,1347.362,985.308,1022.677,1206.716,1530.694,337.79,1784.443
"Nov 30, 2012",1394.116,1352.174,1000,1030.443,1193.531,1515.283,341.895,1805.542
"Dec 31, 2012",1377.271,1361.883,987.686,1033.483,1188.739,1540.608,350.499,1841.962
"Jan 31, 2013",1445.119,1432.15,1028.866,1085.453,1251.378,1634.073,373.566,1965.049
"Feb 28, 2013",1481.08,1447.093,1048.184,1098.069,1274.356,1654.747,377.639,1985.9
"Mar 29, 2013",1551.967,1499.229,1099.368,1132.687,1328.447,1715.758,394.405,2069.012
"Apr 30, 2013",1592.319,1527.158,1129.416,1156.001,1363.515,1757.963,394.222,2101.707
"May 31, 2013",1549.869,1555.458,1125.863,1185.156,1358.348,1791.347,407.853,2142.746
"Jun 28, 2013",1540.167,1532.118,1113.682,1152.619,1344.077,1774.401,403.766,2115.409
"Jul 31, 2013",1593.957,1610.618,1181.781,1201.911,1398.677,1852.147,430.087,2237.445
"Aug 30, 2013",1539.143,1562.547,1139.11,1174.951,1350.374,1777.988,416.276,2176.671
"Sep 30, 2013",1574.304,1611.751,1173.534,1217.947,1369.576,1813.676,440.206,2264.091
"Oct 31, 2013",1646.074,1681.187,1233.409,1274.788,1436.85,1895.451,453.941,2349.526
"Nov 29, 2013",1664.775,1725.163,1268.741,1322.727,1464.706,1939.524,467.201,2392.197
"Dec 31, 2013",1682.197,1768.418,1305.829,1353.694,1483.333,1981.405,477.651,2460.238
"Jan 31, 2014",1629.537,1706.586,1276.271,1297.196,1419.518,1907.812,468.178,2389.81
"Feb 28, 2014",1697.029,1782.46,1359.331,1356.489,1470.083,1977.246,491.058,2520.11
"Mar 31, 2014",1707.577,1792.014,1312.596,1348.466,1506.493,2027.717,487.976,2525.427
"Apr 30, 2014",1729.157,1800.716,1300.475,1360.227,1542.926,2048.82,474.938,2525.007
"May 30, 2014",1744.949,1839.43,1350.423,1385.634,1557.705,2071.658,479.335,2579.047
"Jun 30, 2014",1764.317,1875.865,1377.03,1392.804,1581.864,2110.912,503.336,2647.309
"Jul 31, 2014",1734.799,1847.14,1361.705,1380.949,1552.9,2070.79,477.671,2582.838
"Aug 29, 2014",1801.436,1917.081,1422.402,1438.942,1606.408,2137.138,501.797,2687.941
"Sep 30, 2014",1784.592,1884.244,1412.294,1423.203,1593.438,2100.348,474.696,2605.28
"Oct 31, 2014",1858.57,1927.442,1444.55,1463.193,1629.1,2138.295,496.456,2679.865
"Nov 28, 2014",1918.405,1974.158,1496.639,1493.724,1668.52,2169.083,499.841,2739.292
"Dec 31, 2014",1916.455,1964.734,1478.564,1487.459,1652.258,2162.83,506.388,2738.708
"Jan 30, 2015",1905.16,1907.318,1469.619,1461.461,1596.032,2072.926,493.996,2677.643
"Feb 27, 2015",1970.902,2013.91,1546.517,1545.353,1653.404,2168.474,523.266,2827.489
"Mar 31, 2015",1952.353,1981.62,1526.759,1519.885,1609.464,2118.053,529.003,2805.114
"Apr 30, 2015",1939.299,1997.634,1512.988,1523.442,1640.991,2156.617,519.492,2809.189
"May 29, 2015",1955.464,2019.685,1559.596,1541.025,1640.077,2169.197,529.543,2828.767
"Jun 30, 2015",1907.305,1978.103,1553.708,1508.971,1583.022,2108.772,526.166,2763.494
"Jul 31, 2015",1980.704,2015.308,1612.695,1552.724,1604.699,2121.891,522.554,2787.532
"Aug 31, 2015",1887.301,1888.736,1514.925,1464.706,1512.304,1992.505,491.264,2628.157
"Sep 30, 2015",1871.866,1835.496,1483.868,1451.993,1503.731,1946.031,467.339,2521.909
"Oct 30, 2015",1981.53,1984.458,1590.888,1585.421,1626.596,2096.728,493.267,2697.688
"Nov 30, 2015",1972.358,1986.563,1597.342,1584.686,1622.486,2097.099,502.974,2701.011
"Dec 31, 2015",1977.442,1949.703,1594.003,1563.35,1610.206,2059.531,480.327,2622.456
"Jan 29, 2016",1947.345,1843.877,1534.925,1489.813,1577.849,1967.38,442.337,2451.136
"Feb 29, 2016",1964.054,1834.974,1512.672,1483.772,1584.7,1958.161,445.421,2467.371
"Mar 31, 2016",2076.607,1957.216,1589.738,1574.753,1682.856,2085.739,482.34,2661.455
"Apr 29, 2016",2064.572,1964.634,1578.601,1552.128,1686.087,2107.153,490.547,2700.924
"May 31, 2016",2093.211,1995.556,1615.523,1568.737,1706.145,2135.3,499.866,2737.28
"Jun 30, 2016",2183.248,1997.333,1660.682,1556.943,1754.357,2155.165,499.29,2731.307
"Jul 29, 2016",2212.598,2070.684,1703.623,1629.946,1797.68,2215.612,524.976,2852.935
"Aug 31, 2016",2164.741,2068.572,1675.766,1625.446,1780.938,2221.2,529.038,2853.203
"Sep 30, 2016",2144.916,2067.66,1681.229,1632.755,1778.725,2213.273,531.216,2853.924
"Oct 31, 2016",2081.63,2026.098,1646.319,1598.085,1746.627,2177.771,508.584,2779.358
"Nov 30, 2016",2089.358,2093.611,1633.211,1632.304,1771.886,2276.016,554.803,2916.322
"Dec 30, 2016",2134.369,2129.356,1648.765,1654.401,1810.601,2335.232,565.754,2939.395
"Jan 31, 2017",2159.942,2171.188,1702.183,1682.606,1823.355,2343.138,573.454,3009.45
"Feb 28, 2017",2254.023,2251.289,1762.324,1758.178,1898.44,2421.729,586.062,3101.272
"Mar 31, 2017",2251.061,2250.906,1797.575,1768.664,1896.201,2399.557,584.577,3091.013
"Apr 28, 2017",2280.661,2272.62,1841.611,1798.645,1894.891,2393.122,589.591,3115.003
"May 31, 2017",2322.635,2297.763,1927.268,1828.912,1919.871,2389.066,581.193,3130.528
"Jun 30, 2017",2308.183,2308.818,1932.779,1809.494,1920.811,2429.159,595.204,3163.323
"Jul 31, 2017",2351.699,2353.08,1997.534,1836.238,1950.067,2460.172,602.557,3207.836
"Aug 31, 2017",2366.64,2355.077,2023.604,1850.016,1948.763,2430.396,597.216,3177.011
"Sep 29, 2017",2374.356,2399.928,2079.571,1887.028,1985.432,2497.41,625.912,3258.217
"Oct 31, 2017",2416.995,2452.155,2181.499,1964.78,2008.82,2524.106,634.923,3293.731
"Nov 30, 2017",2487.263,2520.547,2238.1,2025.997,2071.989,2591.589,652.159,3410.082
"Dec 29, 2017",2487.481,2544.58,2239.377,2045.681,2098.001,2619.28,653.798,3443.315
"Jan 31, 2018",2571.964,2687.942,2420.975,2165.985,2178.717,2714.592,670.573,3596.297
"Feb 28, 2018",2459.405,2583.866,2383.047,2107.463,2074.073,2570.666,642.587,3440.95
"Mar 30, 2018",2447.444,2516.933,2294.161,2062.993,2037.723,2511.214,648.17,3413.255
"Apr 30, 2018",2446.179,2524.279,2308.653,2030.779,2026.162,2512.559,650.608,3416.021
"May 31, 2018",2467.725,2579.758,2384.998,2098.446,2037.701,2516.114,685.7,3465.55
"Jun 29, 2018",2503.483,2593.865,2380.572,2107.831,2042.627,2524.991,690.057,3494.615
"Jul 31, 2018",2584.308,2683.955,2422.474,2181.554,2131.138,2628.569,701.514,3595.291
"Aug 31, 2018",2658.519,2766.766,2560.942,2267.074,2159.541,2655.966,731.59,3673.866
"Sep 28, 2018",2685.697,2775.55,2583.605,2281.113,2183.14,2661.387,716.623,3663.143
"Oct 31, 2018",2574.287,2579.96,2327.547,2117.946,2093.173,2540.775,643.326,3377.081
"Nov 30, 2018",2663.997,2623.848,2355.979,2138.075,2167.916,2608.313,654.388,3457.188
"Dec 31, 2018",2468.441,2383.552,2172.613,1958.713,1985.072,2361.981,579.469,3108.165
"Jan 31, 2019",2607.371,2576.155,2314.173,2114.386,2087.785,2526.168,646.804,3419.279
"Feb 28, 2019",2699.987,2656.461,2392.807,2209.057,2167.891,2598.249,677.419,3547.472
"Mar 29, 2019",2765.414,2701.536,2441.168,2279.427,2177.907,2613.016,669.33,3562.924
"Apr 30, 2019",2821.656,2806.699,2494.335,2379.53,2210.91,2691.914,691.743,3694.17
"May 31, 2019",2770.363,2623.152,2432.832,2213.585,2062.089,2508.688,639.328,3435.8
"Jun 28, 2019",2903.333,2803.317,2581.439,2364.962,2196.141,2674.097,681.691,3687.402
"Jul 31, 2019",2947.592,2843.244,2625.105,2423.892,2204.964,2695.887,690.344,3724.444
"Aug 30, 2019",2990.854,2787.599,2629.459,2384.782,2178.919,2617.697,660.668,3600.258
"Sep 30, 2019",3010.979,2832.913,2594.482,2414.732,2252.192,2703.177,670.952,3698.07
"Oct 31, 2019",3002.485,2891.186,2607.709,2485.208,2264.042,2736.626,682.397,3742.852
"Nov 29, 2019",3035.672,2993.5,2692.071,2588.41,2303.398,2810.098,708.787,3877.35
"Dec 31, 2019",3085.691,3076.489,2737.364,2680.537,2351.089,2881.477,725.913,3965.767
"Jan 31, 2020",3153.487,3078.776,2835.071,2693.692,2303.79,2803.999,706.12,3916.363
"Feb 28, 2020",2892.577,2822.375,2622.738,2486.848,2084.622,2525.6,643.75,3570.887
"Mar 31, 2020",2541.033,2459.87,2320.457,2268.287,1834.474,2123.249,496.699,2901.699
"Apr 30, 2020",2774.091,2780.191,2590.247,2532.242,2020.859,2343.895,570.173,3300.348
"May 29, 2020",2888.524,2918.447,2741.859,2676.321,2071.343,2402.211,610.096,3501.827
"Jun 30, 2020",2851.235,2980.733,2859.188,2704.3,2046.255,2379.042,628.791,3550.821
"Jul 31, 2020",2976.354,3153.988,3053.471,2825.062,2107.148,2463.588,653.456,3730.65
"Aug 31, 2020",3057.118,3385.293,3345.131,3049.11,2174.482,2554.709,682.367,3892.942
"Sep 30, 2020",3001,3254.942,3213.608,2957.63,2124.615,2492.298,661.79,3801.456
"Oct 30, 2020",2894.946,3166.928,3078.067,2839.202,2065.262,2431.259,677.823,3778.557
"Nov 30, 2020",3127.389,3527.526,3392.432,3140.848,2262.308,2740.743,789.43,4305.793
"Dec 31, 2020",3193.739,3667.922,3507.769,3240.997,2307.026,2823.184,850.189,4485.225
"Jan 29, 2021",3104.555,3630.303,3566.276,3156.482,2272.632,2784.762,881.947,4439.067
"Feb 26, 2021",3088.748,3719.932,3543.555,3225.182,2297.885,2906.907,938.338,4664.033
"Mar 31, 2021",3252.74,3854.966,3498.415,3352.779,2466.738,3097.735,956.786,4857.674
"Apr 30, 2021",3381.629,4061.259,3746.635,3505.451,2522.2,3206.668,991.964,5098.065
"May 31, 2021",3404.836,4074.954,3683.507,3531.817,2573.288,3283.426,990.124,5164.572
"Jun 30, 2021",3461.45,4183.802,3751.371,3700.326,2547.641,3246.231,1003.668,5244.01
"Jul 30, 2021",3578.768,4278.635,3783.258,3829.155,2590.954,3278.251,981.581,5309.337
"Aug 31, 2021",3643.963,4399.11,3937.535,3942.792,2634.303,3336.695,1003.004,5426.664
"Sep 30, 2021",3457.481,4186.849,3797.672,3687.94,2500.831,3209.38,972.837,5191.52
"Oct 29, 2021",3643.382,4475.121,4119.983,3942.065,2590.819,3387.021,1018.327,5486.15
"Nov 30, 2021",3566.693,4424.065,3954.608,3932.813,2545.847,3288.414,973.331,5314.739
"Dec 31, 2021",3802.744,4593.595,3931.368,4085.888,2730.74,3506.952,1004.856,5553.091
"Jan 31, 2022",3574.679,4329.863,3572.491,3779.013,2669.812,3415.955,923.696,5222.916
"Feb 28, 2022",3461.107,4196.992,3473.808,3579.589,2608.463,3345.74,932.005,5151.869